{
    "version": "0.4",
    "title": "About Us",
    "type": "page",
    "metadata": {
        "template_type": "single-page",
        "include_in_zip": "1",
        "elementor_pro_required": "1",
        "wp_page_template": "elementor_header_footer"
    },
    "content": [
        {
            "id": "4e57b4ed",
            "settings": {
                "content_position": "middle",
                "_ob_glider_nav_pos_y_alt": "50% - 25px",
                "_ob_glider_nav_pos_x_prev_alt": "0%",
                "_ob_glider_nav_pos_x_next_alt": "0%",
                "structure": "20",
                "background_overlay_background": "classic",
                "background_overlay_image": {
                    "url": "https:\/\/demo.moxcreative.com\/craftmaya\/wp-content\/uploads\/sites\/63\/2021\/09\/bg_memphis.png",
                    "id": 49,
                    "alt": "",
                    "source": "library"
                },
                "background_overlay_position": "top center",
                "background_overlay_repeat": "no-repeat",
                "background_overlay_size": "cover",
                "background_overlay_opacity": {
                    "unit": "px",
                    "size": 1,
                    "sizes": []
                },
                "border_border": "solid",
                "border_width": {
                    "unit": "px",
                    "top": "1",
                    "right": "0",
                    "bottom": "0",
                    "left": "0",
                    "isLinked": false
                },
                "padding": {
                    "unit": "em",
                    "top": "5",
                    "right": "0",
                    "bottom": "0",
                    "left": "0",
                    "isLinked": false
                },
                "padding_mobile": {
                    "unit": "em",
                    "top": "0",
                    "right": "0",
                    "bottom": "0",
                    "left": "0",
                    "isLinked": false
                },
                "__globals__": {
                    "border_color": "globals\/colors?id=308e809"
                }
            },
            "elements": [
                {
                    "id": "77d84cf",
                    "settings": {
                        "_column_size": 50,
                        "_inline_size": 60,
                        "padding": {
                            "unit": "em",
                            "top": "3",
                            "right": "3",
                            "bottom": "3",
                            "left": "3",
                            "isLinked": true
                        },
                        "padding_mobile": {
                            "unit": "em",
                            "top": "2",
                            "right": "2",
                            "bottom": "2",
                            "left": "2",
                            "isLinked": true
                        }
                    },
                    "elements": [
                        {
                            "id": "10f95af6",
                            "settings": {
                                "title": "Blog",
                                "header_size": "h1",
                                "align_mobile": "center",
                                "_animation": "bounceInUp",
                                "__dynamic__": {
                                    "title": "[elementor-tag id=\"ba52096\" name=\"post-title\" settings=\"%7B%7D\"]"
                                }
                            },
                            "elements": [],
                            "isInner": false,
                            "widgetType": "heading",
                            "elType": "widget"
                        },
                        {
                            "id": "622ed4b",
                            "settings": {
                                "title": "Facilisis adipiscing nam commodo tempor ex curabitur ante ultricies",
                                "header_size": "h4",
                                "align_mobile": "center",
                                "_animation": "bounceInUp",
                                "_animation_delay": 240,
                                "__dynamic__": []
                            },
                            "elements": [],
                            "isInner": false,
                            "widgetType": "heading",
                            "elType": "widget"
                        }
                    ],
                    "isInner": false,
                    "elType": "column"
                },
                {
                    "id": "3e05368",
                    "settings": {
                        "_column_size": 50,
                        "_inline_size": 40,
                        "padding": {
                            "unit": "em",
                            "top": "",
                            "right": "",
                            "bottom": "",
                            "left": "",
                            "isLinked": true
                        },
                        "animation": "bounceInDown"
                    },
                    "elements": [
                        {
                            "id": "1f360179",
                            "settings": {
                                "image": {
                                    "url": "https:\/\/demo.moxcreative.com\/craftmaya\/wp-content\/uploads\/sites\/63\/2021\/09\/Asset-41-2.png",
                                    "id": 314,
                                    "alt": "",
                                    "source": "library"
                                },
                                "image_size": "full",
                                "height": {
                                    "unit": "px",
                                    "size": 300,
                                    "sizes": []
                                },
                                "height_mobile": {
                                    "unit": "px",
                                    "size": 200,
                                    "sizes": []
                                },
                                "object-fit": "contain"
                            },
                            "elements": [],
                            "isInner": false,
                            "widgetType": "image",
                            "elType": "widget"
                        }
                    ],
                    "isInner": false,
                    "elType": "column"
                }
            ],
            "isInner": false,
            "elType": "section"
        },
        {
            "id": "5dd4000d",
            "settings": {
                "_ob_glider_nav_pos_y_alt": "50% - 25px",
                "_ob_glider_nav_pos_x_prev_alt": "0%",
                "_ob_glider_nav_pos_x_next_alt": "0%",
                "structure": "20",
                "padding": {
                    "unit": "em",
                    "top": "5",
                    "right": "0",
                    "bottom": "5",
                    "left": "0",
                    "isLinked": false
                },
                "padding_mobile": {
                    "unit": "em",
                    "top": "0",
                    "right": "0",
                    "bottom": "0",
                    "left": "0",
                    "isLinked": false
                }
            },
            "elements": [
                {
                    "id": "4dfabd1",
                    "settings": {
                        "_column_size": 50,
                        "_inline_size": null,
                        "_inline_size_tablet": 100,
                        "padding": {
                            "unit": "em",
                            "top": "",
                            "right": "",
                            "bottom": "",
                            "left": "",
                            "isLinked": true
                        },
                        "animation": "fadeInLeft"
                    },
                    "elements": [
                        {
                            "id": "29a9255b",
                            "settings": {
                                "image": {
                                    "url": "https:\/\/demo.moxcreative.com\/craftmaya\/wp-content\/uploads\/sites\/63\/2021\/09\/business-team-raising-their-hands-up-to-celebrate.jpg",
                                    "id": 280,
                                    "alt": "Business team raising their hands up to celebrate",
                                    "source": "library"
                                },
                                "image_size": "full",
                                "width": {
                                    "unit": "%",
                                    "size": 100,
                                    "sizes": []
                                },
                                "image_border_radius": {
                                    "unit": "px",
                                    "top": "3",
                                    "right": "3",
                                    "bottom": "3",
                                    "left": "3",
                                    "isLinked": true
                                },
                                "_padding": {
                                    "unit": "em",
                                    "top": "2",
                                    "right": "2",
                                    "bottom": "2",
                                    "left": "2",
                                    "isLinked": true
                                },
                                "_padding_mobile": {
                                    "unit": "em",
                                    "top": "1",
                                    "right": "1",
                                    "bottom": "1",
                                    "left": "1",
                                    "isLinked": true
                                },
                                "_background_background": "classic",
                                "_background_image": {
                                    "url": "https:\/\/demo.moxcreative.com\/craftmaya\/wp-content\/uploads\/sites\/63\/2021\/09\/Pattern.png",
                                    "id": 324,
                                    "alt": "",
                                    "source": "library"
                                },
                                "_background_position": "bottom left",
                                "_background_repeat": "no-repeat"
                            },
                            "elements": [],
                            "isInner": false,
                            "widgetType": "image",
                            "elType": "widget"
                        },
                        {
                            "id": "191a882f",
                            "settings": {
                                "image": {
                                    "url": "https:\/\/demo.moxcreative.com\/craftmaya\/wp-content\/uploads\/sites\/63\/2021\/09\/particle.png",
                                    "id": 322,
                                    "alt": "",
                                    "source": "library"
                                },
                                "image_size": "custom",
                                "image_custom_dimension": {
                                    "width": "",
                                    "height": "125"
                                },
                                "align": "right",
                                "width_mobile": {
                                    "unit": "%",
                                    "size": 75,
                                    "sizes": []
                                },
                                "_element_width": "auto",
                                "_position": "absolute",
                                "_offset_orientation_h": "end"
                            },
                            "elements": [],
                            "isInner": false,
                            "widgetType": "image",
                            "elType": "widget"
                        }
                    ],
                    "isInner": false,
                    "elType": "column"
                },
                {
                    "id": "7f510564",
                    "settings": {
                        "_column_size": 50,
                        "_inline_size": null,
                        "_inline_size_tablet": 100,
                        "padding": {
                            "unit": "em",
                            "top": "3",
                            "right": "3",
                            "bottom": "3",
                            "left": "3",
                            "isLinked": true
                        },
                        "padding_mobile": {
                            "unit": "em",
                            "top": "2",
                            "right": "2",
                            "bottom": "2",
                            "left": "2",
                            "isLinked": true
                        }
                    },
                    "elements": [
                        {
                            "id": "222fbb00",
                            "settings": {
                                "title": "About Us",
                                "header_size": "h6"
                            },
                            "elements": [],
                            "isInner": false,
                            "widgetType": "heading",
                            "elType": "widget"
                        },
                        {
                            "id": "348ae2c",
                            "settings": {
                                "title": "Inspiring Tech Needs for Business"
                            },
                            "elements": [],
                            "isInner": false,
                            "widgetType": "heading",
                            "elType": "widget"
                        },
                        {
                            "id": "5069397e",
                            "settings": {
                                "editor": "<p>Tincidunt consectetuer fringilla porta risus habitasse consequat posuere nibh dolor dignissim fermentum. Elit quis fringilla efficitur velit dolor hac tellus inceptos nibh. Ligula porttitor elementum pulvinar torquent sagittis molestie amet cursus dignissim dapibus ad.<\/p>"
                            },
                            "elements": [],
                            "isInner": false,
                            "widgetType": "text-editor",
                            "elType": "widget"
                        },
                        {
                            "id": "2bd080a1",
                            "settings": {
                                "text": "Discover More",
                                "size": "md",
                                "selected_icon": {
                                    "value": "icon icon-arrow-right",
                                    "library": "ekiticons"
                                },
                                "icon_align": "right",
                                "icon_indent": {
                                    "unit": "px",
                                    "size": 14,
                                    "sizes": []
                                },
                                "hover_animation": "wobble-horizontal"
                            },
                            "elements": [],
                            "isInner": false,
                            "widgetType": "button",
                            "elType": "widget"
                        }
                    ],
                    "isInner": false,
                    "elType": "column"
                }
            ],
            "isInner": false,
            "elType": "section"
        },
        {
            "id": "1f1d30c8",
            "settings": {
                "_ob_glider_nav_pos_y_alt": "50% - 25px",
                "_ob_glider_nav_pos_x_prev_alt": "0%",
                "_ob_glider_nav_pos_x_next_alt": "0%",
                "padding": {
                    "unit": "em",
                    "top": "7",
                    "right": "0",
                    "bottom": "7",
                    "left": "0",
                    "isLinked": false
                },
                "padding_tablet": {
                    "unit": "em",
                    "top": "0",
                    "right": "0",
                    "bottom": "0",
                    "left": "0",
                    "isLinked": false
                },
                "padding_mobile": {
                    "unit": "em",
                    "top": "2",
                    "right": "2",
                    "bottom": "2",
                    "left": "2",
                    "isLinked": true
                },
                "animation": "fadeInUp"
            },
            "elements": [
                {
                    "id": "22f13372",
                    "settings": {
                        "_column_size": 100,
                        "_inline_size": null
                    },
                    "elements": [
                        {
                            "id": "1475bd3d",
                            "settings": {
                                "title": "Real People. Real Relationships.",
                                "align": "center"
                            },
                            "elements": [],
                            "isInner": false,
                            "widgetType": "heading",
                            "elType": "widget"
                        },
                        {
                            "id": "561a0df5",
                            "settings": {
                                "align": "center"
                            },
                            "elements": [],
                            "isInner": false,
                            "widgetType": "text-editor",
                            "elType": "widget"
                        },
                        {
                            "id": "12762a27",
                            "settings": {
                                "_ob_bbad_inner_width": "100%",
                                "_ob_glider_nav_pos_y_alt": "50% - 25px",
                                "_ob_glider_nav_pos_x_prev_alt": "0%",
                                "_ob_glider_nav_pos_x_next_alt": "0%",
                                "structure": "40"
                            },
                            "elements": [
                                {
                                    "id": "3b022bce",
                                    "settings": {
                                        "_column_size": 25,
                                        "_inline_size": null,
                                        "_inline_size_mobile": 50
                                    },
                                    "elements": [
                                        {
                                            "id": "771483b9",
                                            "settings": {
                                                "premium_counter_title": "Happy Client",
                                                "premium_counter_end_value": 84700,
                                                "premium_counter_t_separator": ",",
                                                "premium_counter_suffix": "+",
                                                "premium_counter_icon_updated": {
                                                    "value": "icon icon-users",
                                                    "library": "ekiticons"
                                                },
                                                "premium_counter_icon_position": "left",
                                                "premium_counter_icon_color": "#FF5054",
                                                "premium_counter_icon_size": {
                                                    "unit": "px",
                                                    "size": 55,
                                                    "sizes": []
                                                },
                                                "premium_counter_icon_size_tablet": {
                                                    "unit": "px",
                                                    "size": 0,
                                                    "sizes": []
                                                },
                                                "premium_counter_icon_size_mobile": {
                                                    "unit": "px",
                                                    "size": 0,
                                                    "sizes": []
                                                },
                                                "premium_counter_title_typho_typography": "custom",
                                                "premium_counter_title_typho_font_family": "Arimo",
                                                "premium_counter_title_typho_font_size": {
                                                    "unit": "px",
                                                    "size": 18,
                                                    "sizes": []
                                                },
                                                "premium_counter_title_typho_font_size_tablet": {
                                                    "unit": "px",
                                                    "size": 16,
                                                    "sizes": []
                                                },
                                                "premium_counter_title_typho_font_size_mobile": {
                                                    "unit": "px",
                                                    "size": 14,
                                                    "sizes": []
                                                },
                                                "premium_counter_title_typho_font_weight": "600",
                                                "premium_counter_title_typho_line_height": {
                                                    "unit": "em",
                                                    "size": 1.1999999999999999555910790149937383830547332763671875,
                                                    "sizes": []
                                                },
                                                "premium_counter_value_typho_typography": "custom",
                                                "premium_counter_value_typho_font_family": "Arimo",
                                                "premium_counter_value_typho_font_size": {
                                                    "unit": "px",
                                                    "size": 48,
                                                    "sizes": []
                                                },
                                                "premium_counter_value_typho_font_size_tablet": {
                                                    "unit": "px",
                                                    "size": 36,
                                                    "sizes": []
                                                },
                                                "premium_counter_value_typho_font_size_mobile": {
                                                    "unit": "px",
                                                    "size": 28,
                                                    "sizes": []
                                                },
                                                "premium_counter_value_typho_font_weight": "700",
                                                "premium_counter_value_typho_line_height": {
                                                    "unit": "em",
                                                    "size": 1.100000000000000088817841970012523233890533447265625,
                                                    "sizes": []
                                                },
                                                "__globals__": {
                                                    "premium_counter_icon_color": "globals\/colors?id=49d5f06",
                                                    "premium_counter_title_typho_typography": "globals\/typography?id=7044a64",
                                                    "premium_counter_value_typho_typography": "globals\/typography?id=5d167aa",
                                                    "premium_counter_title_color": "",
                                                    "premium_counter_prefix_typo_typography": "globals\/typography?id=5d167aa",
                                                    "premium_counter_suffix_typo_typography": "globals\/typography?id=5d167aa",
                                                    "premium_counter_suffix_color": "globals\/colors?id=49d5f06",
                                                    "premium_counter_prefix_color": "globals\/colors?id=49d5f06"
                                                }
                                            },
                                            "elements": [],
                                            "isInner": false,
                                            "widgetType": "premium-counter",
                                            "elType": "widget"
                                        }
                                    ],
                                    "isInner": true,
                                    "elType": "column"
                                },
                                {
                                    "id": "11065ec4",
                                    "settings": {
                                        "_column_size": 25,
                                        "_inline_size": null,
                                        "_inline_size_mobile": 50
                                    },
                                    "elements": [
                                        {
                                            "id": "4f50a9cb",
                                            "settings": {
                                                "premium_counter_title": "Teammates",
                                                "premium_counter_end_value": 1245,
                                                "premium_counter_t_separator": ",",
                                                "premium_counter_suffix": "+",
                                                "premium_counter_icon_updated": {
                                                    "value": "icon icon-team",
                                                    "library": "ekiticons"
                                                },
                                                "premium_counter_icon_position": "left",
                                                "premium_counter_icon_color": "#FF5054",
                                                "premium_counter_icon_size": {
                                                    "unit": "px",
                                                    "size": 55,
                                                    "sizes": []
                                                },
                                                "premium_counter_icon_size_tablet": {
                                                    "unit": "px",
                                                    "size": 0,
                                                    "sizes": []
                                                },
                                                "premium_counter_icon_size_mobile": {
                                                    "unit": "px",
                                                    "size": 0,
                                                    "sizes": []
                                                },
                                                "premium_counter_title_typho_typography": "custom",
                                                "premium_counter_title_typho_font_family": "Arimo",
                                                "premium_counter_title_typho_font_size": {
                                                    "unit": "px",
                                                    "size": 18,
                                                    "sizes": []
                                                },
                                                "premium_counter_title_typho_font_size_tablet": {
                                                    "unit": "px",
                                                    "size": 16,
                                                    "sizes": []
                                                },
                                                "premium_counter_title_typho_font_size_mobile": {
                                                    "unit": "px",
                                                    "size": 14,
                                                    "sizes": []
                                                },
                                                "premium_counter_title_typho_font_weight": "600",
                                                "premium_counter_title_typho_line_height": {
                                                    "unit": "em",
                                                    "size": 1.1999999999999999555910790149937383830547332763671875,
                                                    "sizes": []
                                                },
                                                "premium_counter_value_typho_typography": "custom",
                                                "premium_counter_value_typho_font_family": "Arimo",
                                                "premium_counter_value_typho_font_size": {
                                                    "unit": "px",
                                                    "size": 48,
                                                    "sizes": []
                                                },
                                                "premium_counter_value_typho_font_size_tablet": {
                                                    "unit": "px",
                                                    "size": 36,
                                                    "sizes": []
                                                },
                                                "premium_counter_value_typho_font_size_mobile": {
                                                    "unit": "px",
                                                    "size": 28,
                                                    "sizes": []
                                                },
                                                "premium_counter_value_typho_font_weight": "700",
                                                "premium_counter_value_typho_line_height": {
                                                    "unit": "em",
                                                    "size": 1.100000000000000088817841970012523233890533447265625,
                                                    "sizes": []
                                                },
                                                "__globals__": {
                                                    "premium_counter_icon_color": "globals\/colors?id=2de5332",
                                                    "premium_counter_title_typho_typography": "globals\/typography?id=7044a64",
                                                    "premium_counter_value_typho_typography": "globals\/typography?id=5d167aa",
                                                    "premium_counter_title_color": "",
                                                    "premium_counter_prefix_typo_typography": "globals\/typography?id=5d167aa",
                                                    "premium_counter_suffix_typo_typography": "globals\/typography?id=5d167aa",
                                                    "premium_counter_suffix_color": "globals\/colors?id=2de5332",
                                                    "premium_counter_prefix_color": "globals\/colors?id=2de5332"
                                                }
                                            },
                                            "elements": [],
                                            "isInner": false,
                                            "widgetType": "premium-counter",
                                            "elType": "widget"
                                        }
                                    ],
                                    "isInner": true,
                                    "elType": "column"
                                },
                                {
                                    "id": "1cbd79ac",
                                    "settings": {
                                        "_column_size": 25,
                                        "_inline_size": null,
                                        "_inline_size_mobile": 50
                                    },
                                    "elements": [
                                        {
                                            "id": "73e1cfdd",
                                            "settings": {
                                                "premium_counter_title": "Countries",
                                                "premium_counter_end_value": 27,
                                                "premium_counter_t_separator": ",",
                                                "premium_counter_icon_updated": {
                                                    "value": "icon icon-internet",
                                                    "library": "ekiticons"
                                                },
                                                "premium_counter_icon_position": "left",
                                                "premium_counter_icon_color": "#FF5054",
                                                "premium_counter_icon_size": {
                                                    "unit": "px",
                                                    "size": 55,
                                                    "sizes": []
                                                },
                                                "premium_counter_icon_size_tablet": {
                                                    "unit": "px",
                                                    "size": 0,
                                                    "sizes": []
                                                },
                                                "premium_counter_icon_size_mobile": {
                                                    "unit": "px",
                                                    "size": 0,
                                                    "sizes": []
                                                },
                                                "premium_counter_title_typho_typography": "custom",
                                                "premium_counter_title_typho_font_family": "Arimo",
                                                "premium_counter_title_typho_font_size": {
                                                    "unit": "px",
                                                    "size": 18,
                                                    "sizes": []
                                                },
                                                "premium_counter_title_typho_font_size_tablet": {
                                                    "unit": "px",
                                                    "size": 16,
                                                    "sizes": []
                                                },
                                                "premium_counter_title_typho_font_size_mobile": {
                                                    "unit": "px",
                                                    "size": 14,
                                                    "sizes": []
                                                },
                                                "premium_counter_title_typho_font_weight": "600",
                                                "premium_counter_title_typho_line_height": {
                                                    "unit": "em",
                                                    "size": 1.1999999999999999555910790149937383830547332763671875,
                                                    "sizes": []
                                                },
                                                "premium_counter_value_typho_typography": "custom",
                                                "premium_counter_value_typho_font_family": "Arimo",
                                                "premium_counter_value_typho_font_size": {
                                                    "unit": "px",
                                                    "size": 48,
                                                    "sizes": []
                                                },
                                                "premium_counter_value_typho_font_size_tablet": {
                                                    "unit": "px",
                                                    "size": 36,
                                                    "sizes": []
                                                },
                                                "premium_counter_value_typho_font_size_mobile": {
                                                    "unit": "px",
                                                    "size": 28,
                                                    "sizes": []
                                                },
                                                "premium_counter_value_typho_font_weight": "700",
                                                "premium_counter_value_typho_line_height": {
                                                    "unit": "em",
                                                    "size": 1.100000000000000088817841970012523233890533447265625,
                                                    "sizes": []
                                                },
                                                "__globals__": {
                                                    "premium_counter_icon_color": "globals\/colors?id=6652fc8",
                                                    "premium_counter_title_typho_typography": "globals\/typography?id=7044a64",
                                                    "premium_counter_value_typho_typography": "globals\/typography?id=5d167aa",
                                                    "premium_counter_title_color": "",
                                                    "premium_counter_prefix_typo_typography": "globals\/typography?id=5d167aa",
                                                    "premium_counter_suffix_typo_typography": "globals\/typography?id=5d167aa",
                                                    "premium_counter_suffix_color": "globals\/colors?id=6652fc8",
                                                    "premium_counter_prefix_color": "globals\/colors?id=6652fc8"
                                                }
                                            },
                                            "elements": [],
                                            "isInner": false,
                                            "widgetType": "premium-counter",
                                            "elType": "widget"
                                        }
                                    ],
                                    "isInner": true,
                                    "elType": "column"
                                },
                                {
                                    "id": "148469e2",
                                    "settings": {
                                        "_column_size": 25,
                                        "_inline_size": null,
                                        "_inline_size_mobile": 50
                                    },
                                    "elements": [
                                        {
                                            "id": "6fd82500",
                                            "settings": {
                                                "premium_counter_title": "Satisfaction",
                                                "premium_counter_end_value": 100,
                                                "premium_counter_t_separator": ",",
                                                "premium_counter_suffix": "%",
                                                "premium_counter_icon_updated": {
                                                    "value": "icon icon-star",
                                                    "library": "ekiticons"
                                                },
                                                "premium_counter_icon_position": "left",
                                                "premium_counter_icon_color": "#FF5054",
                                                "premium_counter_icon_size": {
                                                    "unit": "px",
                                                    "size": 55,
                                                    "sizes": []
                                                },
                                                "premium_counter_icon_size_tablet": {
                                                    "unit": "px",
                                                    "size": 0,
                                                    "sizes": []
                                                },
                                                "premium_counter_icon_size_mobile": {
                                                    "unit": "px",
                                                    "size": 0,
                                                    "sizes": []
                                                },
                                                "premium_counter_title_typho_typography": "custom",
                                                "premium_counter_title_typho_font_family": "Arimo",
                                                "premium_counter_title_typho_font_size": {
                                                    "unit": "px",
                                                    "size": 18,
                                                    "sizes": []
                                                },
                                                "premium_counter_title_typho_font_size_tablet": {
                                                    "unit": "px",
                                                    "size": 16,
                                                    "sizes": []
                                                },
                                                "premium_counter_title_typho_font_size_mobile": {
                                                    "unit": "px",
                                                    "size": 14,
                                                    "sizes": []
                                                },
                                                "premium_counter_title_typho_font_weight": "600",
                                                "premium_counter_title_typho_line_height": {
                                                    "unit": "em",
                                                    "size": 1.1999999999999999555910790149937383830547332763671875,
                                                    "sizes": []
                                                },
                                                "premium_counter_value_typho_typography": "custom",
                                                "premium_counter_value_typho_font_family": "Arimo",
                                                "premium_counter_value_typho_font_size": {
                                                    "unit": "px",
                                                    "size": 48,
                                                    "sizes": []
                                                },
                                                "premium_counter_value_typho_font_size_tablet": {
                                                    "unit": "px",
                                                    "size": 36,
                                                    "sizes": []
                                                },
                                                "premium_counter_value_typho_font_size_mobile": {
                                                    "unit": "px",
                                                    "size": 28,
                                                    "sizes": []
                                                },
                                                "premium_counter_value_typho_font_weight": "700",
                                                "premium_counter_value_typho_line_height": {
                                                    "unit": "em",
                                                    "size": 1.100000000000000088817841970012523233890533447265625,
                                                    "sizes": []
                                                },
                                                "__globals__": {
                                                    "premium_counter_icon_color": "globals\/colors?id=a37647b",
                                                    "premium_counter_title_typho_typography": "globals\/typography?id=7044a64",
                                                    "premium_counter_value_typho_typography": "globals\/typography?id=5d167aa",
                                                    "premium_counter_title_color": "",
                                                    "premium_counter_prefix_typo_typography": "globals\/typography?id=5d167aa",
                                                    "premium_counter_suffix_typo_typography": "globals\/typography?id=5d167aa",
                                                    "premium_counter_suffix_color": "globals\/colors?id=a37647b",
                                                    "premium_counter_prefix_color": "globals\/colors?id=a37647b"
                                                }
                                            },
                                            "elements": [],
                                            "isInner": false,
                                            "widgetType": "premium-counter",
                                            "elType": "widget"
                                        }
                                    ],
                                    "isInner": true,
                                    "elType": "column"
                                }
                            ],
                            "isInner": true,
                            "elType": "section"
                        }
                    ],
                    "isInner": false,
                    "elType": "column"
                }
            ],
            "isInner": false,
            "elType": "section"
        },
        {
            "id": "1977293a",
            "settings": {
                "_ob_glider_nav_pos_y_alt": "50% - 25px",
                "_ob_glider_nav_pos_x_prev_alt": "0%",
                "_ob_glider_nav_pos_x_next_alt": "0%",
                "structure": "20",
                "background_background": "classic",
                "background_image": {
                    "url": "https:\/\/demo.moxcreative.com\/craftmaya\/wp-content\/uploads\/sites\/63\/2021\/09\/contemporary-businesswoman-using-tech.jpg",
                    "id": 81,
                    "alt": "Contemporary Businesswoman Using Tech",
                    "source": "library"
                },
                "background_position": "top center",
                "background_position_mobile": "bottom right",
                "background_repeat": "no-repeat",
                "background_size": "cover",
                "background_size_mobile": "contain",
                "background_overlay_background": "gradient",
                "background_overlay_color": "#FFFFFF",
                "background_overlay_color_b": "#00000000",
                "background_overlay_gradient_angle": {
                    "unit": "deg",
                    "size": 115,
                    "sizes": []
                },
                "background_overlay_image": {
                    "url": "",
                    "id": "",
                    "alt": "Contemporary Businesswoman Using Tech",
                    "source": "library"
                },
                "background_overlay_position": "top center",
                "background_overlay_repeat": "no-repeat",
                "background_overlay_size": "cover",
                "background_overlay_opacity": {
                    "unit": "px",
                    "size": 1,
                    "sizes": []
                },
                "padding": {
                    "unit": "em",
                    "top": "7",
                    "right": "0",
                    "bottom": "7",
                    "left": "0",
                    "isLinked": false
                },
                "padding_tablet": {
                    "unit": "em",
                    "top": "0",
                    "right": "0",
                    "bottom": "0",
                    "left": "0",
                    "isLinked": false
                },
                "padding_mobile": {
                    "unit": "em",
                    "top": "0",
                    "right": "0",
                    "bottom": "0",
                    "left": "0",
                    "isLinked": false
                },
                "__globals__": {
                    "background_overlay_color": "globals\/colors?id=a291686",
                    "background_overlay_color_b": ""
                }
            },
            "elements": [
                {
                    "id": "797eac98",
                    "settings": {
                        "_column_size": 50,
                        "_inline_size": null,
                        "padding": {
                            "unit": "em",
                            "top": "3",
                            "right": "3",
                            "bottom": "3",
                            "left": "3",
                            "isLinked": true
                        },
                        "animation": "fadeInLeft"
                    },
                    "elements": [
                        {
                            "id": "50b3fd04",
                            "settings": {
                                "title": "Our History",
                                "header_size": "h6"
                            },
                            "elements": [],
                            "isInner": false,
                            "widgetType": "heading",
                            "elType": "widget"
                        },
                        {
                            "id": "2ebf4983",
                            "settings": {
                                "title": "Connecting Better for Better Vision"
                            },
                            "elements": [],
                            "isInner": false,
                            "widgetType": "heading",
                            "elType": "widget"
                        },
                        {
                            "id": "26ad189e",
                            "settings": {
                                "editor": "<p>Egestas vehicula pulvinar tempor pharetra senectus. Nulla hac ipsum primis felis suscipit morbi. Molestie duis eleifend hac. Interdum commodo porta laoreet et sem. Luctus sollicitudin habitant commodo fusce montes interdum. Amet turpis dictum vulputate lorem arcu. Interdum consequat primis nulla.<\/p><p>Habitasse aenean quis suscipit montes litora maximus. Ultricies senectus duis mollis malesuada tellus. Enim urna ex parturient habitasse. Convallis quisque et magnis vitae fringilla aptent amet.<\/p>"
                            },
                            "elements": [],
                            "isInner": false,
                            "widgetType": "text-editor",
                            "elType": "widget"
                        }
                    ],
                    "isInner": false,
                    "elType": "column"
                },
                {
                    "id": "13e2591a",
                    "settings": {
                        "_column_size": 50,
                        "_inline_size": null,
                        "animation": "fadeInRight"
                    },
                    "elements": [],
                    "isInner": false,
                    "elType": "column"
                }
            ],
            "isInner": false,
            "elType": "section"
        },
        {
            "id": "385d6aef",
            "settings": {
                "_ob_glider_nav_pos_y_alt": "50% - 25px",
                "_ob_glider_nav_pos_x_prev_alt": "0%",
                "_ob_glider_nav_pos_x_next_alt": "0%",
                "structure": "20",
                "background_background": "classic",
                "background_image": {
                    "url": "https:\/\/demo.moxcreative.com\/craftmaya\/wp-content\/uploads\/sites\/63\/2021\/09\/bg_memphis.png",
                    "id": 49,
                    "alt": "",
                    "source": "library"
                },
                "background_position": "top center",
                "background_repeat": "no-repeat",
                "background_size": "cover",
                "padding": {
                    "unit": "em",
                    "top": "5",
                    "right": "0",
                    "bottom": "0",
                    "left": "0",
                    "isLinked": false
                },
                "padding_mobile": {
                    "unit": "em",
                    "top": "0",
                    "right": "0",
                    "bottom": "0",
                    "left": "0",
                    "isLinked": false
                }
            },
            "elements": [
                {
                    "id": "28b395d9",
                    "settings": {
                        "_column_size": 50,
                        "_inline_size": null,
                        "content_position": "bottom",
                        "animation": "bounceInDown"
                    },
                    "elements": [
                        {
                            "id": "5fed2677",
                            "settings": {
                                "image": {
                                    "url": "https:\/\/demo.moxcreative.com\/craftmaya\/wp-content\/uploads\/sites\/63\/2021\/09\/Asset-11-1.png",
                                    "id": 355,
                                    "alt": "",
                                    "source": "library"
                                }
                            },
                            "elements": [],
                            "isInner": false,
                            "widgetType": "image",
                            "elType": "widget"
                        }
                    ],
                    "isInner": false,
                    "elType": "column"
                },
                {
                    "id": "5c172743",
                    "settings": {
                        "_column_size": 50,
                        "_inline_size": null,
                        "padding": {
                            "unit": "em",
                            "top": "3",
                            "right": "3",
                            "bottom": "3",
                            "left": "3",
                            "isLinked": true
                        },
                        "animation": "fadeInRight"
                    },
                    "elements": [
                        {
                            "id": "31252a91",
                            "settings": {
                                "title": "Our Value",
                                "header_size": "h6"
                            },
                            "elements": [],
                            "isInner": false,
                            "widgetType": "heading",
                            "elType": "widget"
                        },
                        {
                            "id": "4617ef5e",
                            "settings": {
                                "title": "It\u2019s more than a name. It\u2019s a promise."
                            },
                            "elements": [],
                            "isInner": false,
                            "widgetType": "heading",
                            "elType": "widget"
                        },
                        {
                            "id": "609e7483",
                            "settings": [],
                            "elements": [],
                            "isInner": false,
                            "widgetType": "text-editor",
                            "elType": "widget"
                        },
                        {
                            "id": "46502286",
                            "settings": {
                                "ekit_accordion_items": [
                                    {
                                        "acc_title": "1. Our Vision",
                                        "acc_content": "<p>Cras libero commodo aliquet mattis ullamcorper fermentum pharetra congue habitant dolor placerat<\/p>",
                                        "ekit_acc_is_active": "",
                                        "_id": "fc9c0b9"
                                    },
                                    {
                                        "acc_title": "2. Our Mission",
                                        "acc_content": "<p>Cras libero commodo aliquet mattis ullamcorper fermentum pharetra congue habitant dolor placerat<\/p>",
                                        "ekit_acc_is_active": "",
                                        "_id": "ae773dd"
                                    },
                                    {
                                        "acc_title": "3. Our Motto",
                                        "acc_content": "<p>Cras libero commodo aliquet mattis ullamcorper fermentum pharetra congue habitant dolor placerat<\/p>",
                                        "ekit_acc_is_active": "",
                                        "_id": "23007df"
                                    }
                                ],
                                "ekit_accordion_open_first_slide": "",
                                "ekit_accordion_title_border_open_border": "solid",
                                "ekit_accordion_title_border_open_width": {
                                    "unit": "px",
                                    "top": "1",
                                    "right": "1",
                                    "bottom": "1",
                                    "left": "1",
                                    "isLinked": true
                                },
                                "ekit_accordion_border_radious_curve_shape_open": {
                                    "unit": "px",
                                    "top": "3",
                                    "right": "3",
                                    "bottom": "3",
                                    "left": "3",
                                    "isLinked": true
                                },
                                "ekit_accordion_title_border_close_border": "solid",
                                "ekit_accordion_title_border_close_width": {
                                    "unit": "px",
                                    "top": "0",
                                    "right": "0",
                                    "bottom": "1",
                                    "left": "0",
                                    "isLinked": false
                                },
                                "ekit_accordion_title_padding": {
                                    "unit": "px",
                                    "top": "25",
                                    "right": "25",
                                    "bottom": "25",
                                    "left": "25",
                                    "isLinked": true
                                },
                                "ekit_accordion_content_padding": {
                                    "unit": "px",
                                    "top": "25",
                                    "right": "25",
                                    "bottom": "25",
                                    "left": "25",
                                    "isLinked": true
                                },
                                "ekit_accordion_border_open_width": {
                                    "unit": "px",
                                    "top": "1",
                                    "right": "1",
                                    "bottom": "1",
                                    "left": "1",
                                    "isLinked": true
                                },
                                "__globals__": {
                                    "ekit_accordion_title_typography_typography": "globals\/typography?id=7044a64",
                                    "ekit_accordion_title_border_open_color": "globals\/colors?id=308e809"
                                }
                            },
                            "elements": [],
                            "isInner": false,
                            "widgetType": "elementskit-accordion",
                            "elType": "widget"
                        }
                    ],
                    "isInner": false,
                    "elType": "column"
                }
            ],
            "isInner": false,
            "elType": "section"
        },
        {
            "id": "5d9c1f3b",
            "settings": {
                "content_width": {
                    "unit": "px",
                    "size": 840,
                    "sizes": []
                },
                "_ob_glider_nav_pos_y_alt": "50% - 25px",
                "_ob_glider_nav_pos_x_prev_alt": "0%",
                "_ob_glider_nav_pos_x_next_alt": "0%",
                "background_background": "classic",
                "background_overlay_background": "classic",
                "background_overlay_image": {
                    "url": "https:\/\/demo.moxcreative.com\/craftmaya\/wp-content\/uploads\/sites\/63\/2021\/09\/particle.png",
                    "id": 322,
                    "alt": "",
                    "source": "library"
                },
                "background_overlay_position": "center center",
                "background_overlay_repeat": "no-repeat",
                "padding": {
                    "unit": "em",
                    "top": "5",
                    "right": "0",
                    "bottom": "5",
                    "left": "0",
                    "isLinked": false
                },
                "padding_mobile": {
                    "unit": "em",
                    "top": "0",
                    "right": "0",
                    "bottom": "0",
                    "left": "0",
                    "isLinked": false
                },
                "animation": "fadeInUp",
                "__globals__": {
                    "background_color": "globals\/colors?id=308e809"
                }
            },
            "elements": [
                {
                    "id": "69b49af8",
                    "settings": {
                        "_column_size": 100,
                        "_inline_size": null,
                        "padding": {
                            "unit": "em",
                            "top": "3",
                            "right": "3",
                            "bottom": "3",
                            "left": "3",
                            "isLinked": true
                        },
                        "padding_mobile": {
                            "unit": "em",
                            "top": "2",
                            "right": "2",
                            "bottom": "2",
                            "left": "2",
                            "isLinked": true
                        }
                    },
                    "elements": [
                        {
                            "id": "68e75c54",
                            "settings": {
                                "title": "Helping Business With Tech",
                                "align": "center"
                            },
                            "elements": [],
                            "isInner": false,
                            "widgetType": "heading",
                            "elType": "widget"
                        },
                        {
                            "id": "724dfb77",
                            "settings": {
                                "editor": "<p>Fringilla ultricies at suspendisse fusce etiam ac. Scelerisque porta urna sapien consectetuer tortor dui torquent. Inceptos enim ad sagittis. Felis nisi convallis semper a ac nunc. Lorem lacinia pellentesque ipsum convallis suscipit integer. Praesent lectus neque sodales sagittis cursus si. Erat non auctor sagittis. Class vulputate tempor ante nam pulvinar dapibus.<\/p><p>In sollicitudin himenaeos tincidunt aliquet velit dictum. Scelerisque mi tincidunt habitasse blandit. Himenaeos blandit dolor semper nascetur tristique tincidunt pharetra. Ullamcorper senectus at pretium congue justo ornare facilisis. In eu finibus sit. Sapien morbi litora si orci pede augue. Iaculis platea turpis ex nec leo. Curabitur sit diam vitae.<\/p>"
                            },
                            "elements": [],
                            "isInner": false,
                            "widgetType": "text-editor",
                            "elType": "widget"
                        }
                    ],
                    "isInner": false,
                    "elType": "column"
                }
            ],
            "isInner": false,
            "elType": "section"
        },
        {
            "id": "6f4c51cc",
            "settings": {
                "content_width": {
                    "unit": "px",
                    "size": 840,
                    "sizes": []
                },
                "_ob_glider_nav_pos_y_alt": "50% - 25px",
                "_ob_glider_nav_pos_x_prev_alt": "0%",
                "_ob_glider_nav_pos_x_next_alt": "0%",
                "padding": {
                    "unit": "em",
                    "top": "5",
                    "right": "0",
                    "bottom": "5",
                    "left": "0",
                    "isLinked": false
                },
                "padding_mobile": {
                    "unit": "em",
                    "top": "0",
                    "right": "0",
                    "bottom": "0",
                    "left": "0",
                    "isLinked": false
                },
                "animation": "fadeInDown"
            },
            "elements": [
                {
                    "id": "44b699fd",
                    "settings": {
                        "_column_size": 100,
                        "_inline_size": null,
                        "padding": {
                            "unit": "em",
                            "top": "3",
                            "right": "3",
                            "bottom": "3",
                            "left": "3",
                            "isLinked": true
                        },
                        "padding_mobile": {
                            "unit": "em",
                            "top": "2",
                            "right": "2",
                            "bottom": "2",
                            "left": "2",
                            "isLinked": true
                        }
                    },
                    "elements": [
                        {
                            "id": "14afaf50",
                            "settings": {
                                "title": "Trusted by 25,000+ world-class brands and organizations of all sizes",
                                "align": "center",
                                "header_size": "h3"
                            },
                            "elements": [],
                            "isInner": false,
                            "widgetType": "heading",
                            "elType": "widget"
                        },
                        {
                            "id": "40e48d04",
                            "settings": {
                                "ekit_client_logo_repiter": [
                                    {
                                        "ekit_client_logo_list_title": "Title #1",
                                        "_id": "709696a",
                                        "ekit_client_logo_image_normal": {
                                            "url": "https:\/\/demo.moxcreative.com\/craftmaya\/wp-content\/uploads\/sites\/63\/2021\/09\/asgardia.png",
                                            "id": 385,
                                            "alt": "",
                                            "source": "library"
                                        }
                                    },
                                    {
                                        "ekit_client_logo_list_title": "Title #2",
                                        "_id": "4835482",
                                        "ekit_client_logo_image_normal": {
                                            "url": "https:\/\/demo.moxcreative.com\/craftmaya\/wp-content\/uploads\/sites\/63\/2021\/09\/code-lab.png",
                                            "id": 386,
                                            "alt": "",
                                            "source": "library"
                                        }
                                    },
                                    {
                                        "ekit_client_logo_list_title": "Title #3",
                                        "_id": "2b1bb22",
                                        "ekit_client_logo_image_normal": {
                                            "url": "https:\/\/demo.moxcreative.com\/craftmaya\/wp-content\/uploads\/sites\/63\/2021\/09\/earth-2.0.png",
                                            "id": 387,
                                            "alt": "",
                                            "source": "library"
                                        }
                                    },
                                    {
                                        "ekit_client_logo_list_title": "Title #4",
                                        "_id": "4274324",
                                        "ekit_client_logo_image_normal": {
                                            "url": "https:\/\/demo.moxcreative.com\/craftmaya\/wp-content\/uploads\/sites\/63\/2021\/09\/goldline.png",
                                            "id": 388,
                                            "alt": "",
                                            "source": "library"
                                        }
                                    },
                                    {
                                        "ekit_client_logo_list_title": "Title #5",
                                        "_id": "e1000b1",
                                        "ekit_client_logo_image_normal": {
                                            "url": "https:\/\/demo.moxcreative.com\/craftmaya\/wp-content\/uploads\/sites\/63\/2021\/09\/ideaa.png",
                                            "id": 389,
                                            "alt": "",
                                            "source": "library"
                                        }
                                    },
                                    {
                                        "ekit_client_logo_list_title": "Title #5",
                                        "ekit_client_logo_image_normal": {
                                            "url": "https:\/\/demo.moxcreative.com\/craftmaya\/wp-content\/uploads\/sites\/63\/2021\/09\/lighting.png",
                                            "id": 390,
                                            "alt": "",
                                            "source": "library"
                                        },
                                        "_id": "b566977"
                                    },
                                    {
                                        "ekit_client_logo_list_title": "Title #5",
                                        "ekit_client_logo_image_normal": {
                                            "url": "https:\/\/demo.moxcreative.com\/craftmaya\/wp-content\/uploads\/sites\/63\/2021\/09\/treva.png",
                                            "id": 391,
                                            "alt": "",
                                            "source": "library"
                                        },
                                        "_id": "57da76c"
                                    },
                                    {
                                        "ekit_client_logo_list_title": "Title #5",
                                        "ekit_client_logo_image_normal": {
                                            "url": "https:\/\/demo.moxcreative.com\/craftmaya\/wp-content\/uploads\/sites\/63\/2021\/09\/utosia-2.png",
                                            "id": 392,
                                            "alt": "",
                                            "source": "library"
                                        },
                                        "_id": "aaa5f71"
                                    }
                                ],
                                "ekit_client_logo_left_right_spacing": {
                                    "unit": "px",
                                    "size": 25,
                                    "sizes": []
                                },
                                "ekit_client_logo_left_right_spacing_tablet": {
                                    "unit": "px",
                                    "size": 20,
                                    "sizes": []
                                },
                                "ekit_client_logo_top_bottom_spacing": {
                                    "unit": "px",
                                    "size": 25,
                                    "sizes": []
                                },
                                "ekit_client_logo_top_bottom_spacing_tablet": {
                                    "unit": "px",
                                    "size": 0,
                                    "sizes": []
                                },
                                "ekit_client_logo_slidetosho_tablet": {
                                    "unit": "px",
                                    "size": 4,
                                    "sizes": []
                                },
                                "ekit_client_logo_slidetosho_mobile": {
                                    "unit": "px",
                                    "size": 3,
                                    "sizes": []
                                },
                                "ekit_client_logo_slidesToScroll": {
                                    "unit": "px",
                                    "size": 4,
                                    "sizes": []
                                },
                                "ekit_client_logo_slidesToScroll_tablet": {
                                    "unit": "px",
                                    "size": 3,
                                    "sizes": []
                                },
                                "ekit_client_logo_slidesToScroll_mobile": {
                                    "unit": "px",
                                    "size": 4,
                                    "sizes": []
                                },
                                "ekit_client_logo_autoplay": "",
                                "ekit_client_logo_rows": "2",
                                "ekit_client_logo_container_min_height": {
                                    "unit": "px",
                                    "size": 85,
                                    "sizes": []
                                },
                                "ekit_client_logo_container_min_height_tablet": {
                                    "unit": "px",
                                    "size": 100,
                                    "sizes": []
                                },
                                "ekit_client_logo_container_min_height_mobile": {
                                    "unit": "px",
                                    "size": 45,
                                    "sizes": []
                                },
                                "ekit_client_logo_image_box_shadow_group_box_shadow_type": "yes",
                                "ekit_client_logo_image_box_shadow_group_box_shadow": {
                                    "horizontal": 0,
                                    "vertical": 0,
                                    "blur": 10,
                                    "spread": 0,
                                    "color": "rgba(0, 0, 0, 0)"
                                }
                            },
                            "elements": [],
                            "isInner": false,
                            "widgetType": "elementskit-client-logo",
                            "elType": "widget"
                        }
                    ],
                    "isInner": false,
                    "elType": "column"
                }
            ],
            "isInner": false,
            "elType": "section"
        }
    ],
    "page_settings": {
        "eael_ext_toc_title": "Table of Contents",
        "template": "elementor_header_footer"
    }
}