{
    "version": "0.4",
    "title": "Contact Us",
    "type": "page",
    "metadata": {
        "template_type": "single-page",
        "include_in_zip": "1",
        "elementor_pro_required": "1",
        "wp_page_template": "elementor_header_footer"
    },
    "content": [
        {
            "id": "476f6f14",
            "settings": {
                "content_position": "middle",
                "_ob_glider_nav_pos_y_alt": "50% - 25px",
                "_ob_glider_nav_pos_x_prev_alt": "0%",
                "_ob_glider_nav_pos_x_next_alt": "0%",
                "structure": "20",
                "background_overlay_background": "classic",
                "background_overlay_image": {
                    "url": "https:\/\/demo.moxcreative.com\/craftmaya\/wp-content\/uploads\/sites\/63\/2021\/09\/bg_memphis.png",
                    "id": 49,
                    "alt": "",
                    "source": "library"
                },
                "background_overlay_position": "top center",
                "background_overlay_repeat": "no-repeat",
                "background_overlay_size": "cover",
                "background_overlay_opacity": {
                    "unit": "px",
                    "size": 1,
                    "sizes": []
                },
                "border_border": "solid",
                "border_width": {
                    "unit": "px",
                    "top": "1",
                    "right": "0",
                    "bottom": "0",
                    "left": "0",
                    "isLinked": false
                },
                "padding": {
                    "unit": "em",
                    "top": "5",
                    "right": "0",
                    "bottom": "0",
                    "left": "0",
                    "isLinked": false
                },
                "padding_mobile": {
                    "unit": "em",
                    "top": "0",
                    "right": "0",
                    "bottom": "0",
                    "left": "0",
                    "isLinked": false
                },
                "__globals__": {
                    "border_color": "globals\/colors?id=308e809"
                }
            },
            "elements": [
                {
                    "id": "37ead794",
                    "settings": {
                        "_column_size": 50,
                        "_inline_size": 60,
                        "padding": {
                            "unit": "em",
                            "top": "3",
                            "right": "3",
                            "bottom": "3",
                            "left": "3",
                            "isLinked": true
                        },
                        "padding_mobile": {
                            "unit": "em",
                            "top": "2",
                            "right": "2",
                            "bottom": "2",
                            "left": "2",
                            "isLinked": true
                        }
                    },
                    "elements": [
                        {
                            "id": "481797d7",
                            "settings": {
                                "title": "Blog",
                                "header_size": "h1",
                                "align_mobile": "center",
                                "_animation": "bounceInUp",
                                "__dynamic__": {
                                    "title": "[elementor-tag id=\"ba52096\" name=\"post-title\" settings=\"%7B%7D\"]"
                                }
                            },
                            "elements": [],
                            "isInner": false,
                            "widgetType": "heading",
                            "elType": "widget"
                        },
                        {
                            "id": "464ce180",
                            "settings": {
                                "title": "Facilisis adipiscing nam commodo tempor ex curabitur ante ultricies",
                                "header_size": "h4",
                                "align_mobile": "center",
                                "_animation": "bounceInUp",
                                "_animation_delay": 240,
                                "__dynamic__": []
                            },
                            "elements": [],
                            "isInner": false,
                            "widgetType": "heading",
                            "elType": "widget"
                        }
                    ],
                    "isInner": false,
                    "elType": "column"
                },
                {
                    "id": "6cb00056",
                    "settings": {
                        "_column_size": 50,
                        "_inline_size": 40,
                        "padding": {
                            "unit": "em",
                            "top": "",
                            "right": "",
                            "bottom": "",
                            "left": "",
                            "isLinked": true
                        },
                        "animation": "bounceInDown"
                    },
                    "elements": [
                        {
                            "id": "1ae82461",
                            "settings": {
                                "image": {
                                    "url": "https:\/\/demo.moxcreative.com\/craftmaya\/wp-content\/uploads\/sites\/63\/2021\/09\/Asset-71.png",
                                    "id": 119,
                                    "alt": "",
                                    "source": "library"
                                },
                                "image_size": "full",
                                "height": {
                                    "unit": "px",
                                    "size": 300,
                                    "sizes": []
                                },
                                "height_mobile": {
                                    "unit": "px",
                                    "size": 200,
                                    "sizes": []
                                },
                                "object-fit": "contain"
                            },
                            "elements": [],
                            "isInner": false,
                            "widgetType": "image",
                            "elType": "widget"
                        }
                    ],
                    "isInner": false,
                    "elType": "column"
                }
            ],
            "isInner": false,
            "elType": "section"
        },
        {
            "id": "68675814",
            "settings": {
                "_ob_glider_nav_pos_y_alt": "50% - 25px",
                "_ob_glider_nav_pos_x_prev_alt": "0%",
                "_ob_glider_nav_pos_x_next_alt": "0%",
                "structure": "40",
                "padding": {
                    "unit": "em",
                    "top": "5",
                    "right": "0",
                    "bottom": "5",
                    "left": "0",
                    "isLinked": false
                },
                "padding_mobile": {
                    "unit": "em",
                    "top": "1",
                    "right": "1",
                    "bottom": "1",
                    "left": "1",
                    "isLinked": true
                }
            },
            "elements": [
                {
                    "id": "4499d4b6",
                    "settings": {
                        "_column_size": 25,
                        "_inline_size": null,
                        "_inline_size_tablet": 50,
                        "animation": "bounceInDown"
                    },
                    "elements": [
                        {
                            "id": "3eb46e2f",
                            "settings": {
                                "enable_equal_height": "enable",
                                "ekit_icon_box_header_icons": {
                                    "value": "icon icon-map-marker1",
                                    "library": "ekiticons"
                                },
                                "ekit_icon_box_title_text": "Headquarter",
                                "ekit_icon_box_description_text": "Jln Cempaka Wangi No 22, Jakarta - Indonesia",
                                "ekit_icon_box_btn_text": "Learn more ",
                                "ekit_icon_box_show_global_link": "",
                                "ekit_icon_box_text_align_responsive": "center",
                                "ekit_icon_box_badge_title": "EXCLUSIVE",
                                "ekit_icon_box_infobox_bg_group_background": "classic",
                                "ekit_icon_box_infobox_bg_group_color": "#02010100",
                                "ekit_icon_box_infobox_bg_padding": {
                                    "unit": "em",
                                    "top": "2",
                                    "right": "2",
                                    "bottom": "2",
                                    "left": "2",
                                    "isLinked": true
                                },
                                "ekit_icon_box_iocnbox_border_group_border": "solid",
                                "ekit_icon_box_iocnbox_border_group_width": {
                                    "unit": "px",
                                    "top": "1",
                                    "right": "1",
                                    "bottom": "1",
                                    "left": "1",
                                    "isLinked": true
                                },
                                "ekit_icon_box_infobox_border_radious": {
                                    "unit": "px",
                                    "top": "3",
                                    "right": "3",
                                    "bottom": "3",
                                    "left": "3",
                                    "isLinked": true
                                },
                                "ekit_icon_title_color_hover": "",
                                "ekit_icon_description_color_hover": "",
                                "__globals__": {
                                    "ekit_icon_box_iocnbox_border_group_color": "globals\/colors?id=a185853",
                                    "ekit_icon_title_color": "globals\/colors?id=dea41e4",
                                    "ekit_icon_description_color": "globals\/colors?id=secondary",
                                    "ekit_icon_title_typography_group_typography": "globals\/typography?id=83682a1",
                                    "ekit_icon_description_typography_group_typography": "globals\/typography?id=b2ce6af",
                                    "ekit_icon_box_icon_primary_color": "globals\/colors?id=49d5f06"
                                }
                            },
                            "elements": [],
                            "isInner": false,
                            "widgetType": "elementskit-icon-box",
                            "elType": "widget"
                        }
                    ],
                    "isInner": false,
                    "elType": "column"
                },
                {
                    "id": "766bf93a",
                    "settings": {
                        "_column_size": 25,
                        "_inline_size": null,
                        "_inline_size_tablet": 50,
                        "animation": "bounceInDown",
                        "animation_delay": 240
                    },
                    "elements": [
                        {
                            "id": "7396f328",
                            "settings": {
                                "enable_equal_height": "enable",
                                "ekit_icon_box_header_icons": {
                                    "value": "icon icon-envelope1",
                                    "library": "ekiticons"
                                },
                                "ekit_icon_box_title_text": "Email Us",
                                "ekit_icon_box_description_text": "hello@craftmaya.co <\/br>\nsupport@craftmaya.co",
                                "ekit_icon_box_btn_text": "Learn more ",
                                "ekit_icon_box_show_global_link": "",
                                "ekit_icon_box_text_align_responsive": "center",
                                "ekit_icon_box_badge_title": "EXCLUSIVE",
                                "ekit_icon_box_infobox_bg_group_background": "classic",
                                "ekit_icon_box_infobox_bg_group_color": "#02010100",
                                "ekit_icon_box_infobox_bg_padding": {
                                    "unit": "em",
                                    "top": "2",
                                    "right": "2",
                                    "bottom": "2",
                                    "left": "2",
                                    "isLinked": true
                                },
                                "ekit_icon_box_iocnbox_border_group_border": "solid",
                                "ekit_icon_box_iocnbox_border_group_width": {
                                    "unit": "px",
                                    "top": "1",
                                    "right": "1",
                                    "bottom": "1",
                                    "left": "1",
                                    "isLinked": true
                                },
                                "ekit_icon_box_infobox_border_radious": {
                                    "unit": "px",
                                    "top": "3",
                                    "right": "3",
                                    "bottom": "3",
                                    "left": "3",
                                    "isLinked": true
                                },
                                "ekit_icon_title_color_hover": "",
                                "ekit_icon_description_color_hover": "",
                                "__globals__": {
                                    "ekit_icon_box_iocnbox_border_group_color": "globals\/colors?id=a185853",
                                    "ekit_icon_title_color": "globals\/colors?id=dea41e4",
                                    "ekit_icon_description_color": "globals\/colors?id=secondary",
                                    "ekit_icon_title_typography_group_typography": "globals\/typography?id=83682a1",
                                    "ekit_icon_description_typography_group_typography": "globals\/typography?id=b2ce6af",
                                    "ekit_icon_box_icon_primary_color": "globals\/colors?id=6652fc8"
                                }
                            },
                            "elements": [],
                            "isInner": false,
                            "widgetType": "elementskit-icon-box",
                            "elType": "widget"
                        }
                    ],
                    "isInner": false,
                    "elType": "column"
                },
                {
                    "id": "54b93bcc",
                    "settings": {
                        "_column_size": 25,
                        "_inline_size": null,
                        "_inline_size_tablet": 50,
                        "animation": "bounceInDown",
                        "animation_delay": 480
                    },
                    "elements": [
                        {
                            "id": "545fbb1e",
                            "settings": {
                                "enable_equal_height": "enable",
                                "ekit_icon_box_header_icons": {
                                    "value": "icon icon-phone",
                                    "library": "ekiticons"
                                },
                                "ekit_icon_box_title_text": "Call Us",
                                "ekit_icon_box_description_text": "+(62)21 2002-2012",
                                "ekit_icon_box_btn_text": "Learn more ",
                                "ekit_icon_box_show_global_link": "",
                                "ekit_icon_box_text_align_responsive": "center",
                                "ekit_icon_box_badge_title": "EXCLUSIVE",
                                "ekit_icon_box_infobox_bg_group_background": "classic",
                                "ekit_icon_box_infobox_bg_group_color": "#02010100",
                                "ekit_icon_box_infobox_bg_padding": {
                                    "unit": "em",
                                    "top": "2",
                                    "right": "2",
                                    "bottom": "2",
                                    "left": "2",
                                    "isLinked": true
                                },
                                "ekit_icon_box_iocnbox_border_group_border": "solid",
                                "ekit_icon_box_iocnbox_border_group_width": {
                                    "unit": "px",
                                    "top": "1",
                                    "right": "1",
                                    "bottom": "1",
                                    "left": "1",
                                    "isLinked": true
                                },
                                "ekit_icon_box_iocnbox_border_group_color": "#000000",
                                "ekit_icon_box_infobox_border_radious": {
                                    "unit": "px",
                                    "top": "3",
                                    "right": "3",
                                    "bottom": "3",
                                    "left": "3",
                                    "isLinked": true
                                },
                                "ekit_icon_title_color": "#191919",
                                "ekit_icon_title_color_hover": "",
                                "ekit_icon_title_typography_group_typography": "custom",
                                "ekit_icon_title_typography_group_font_family": "Arimo",
                                "ekit_icon_title_typography_group_font_size": {
                                    "unit": "px",
                                    "size": 24,
                                    "sizes": []
                                },
                                "ekit_icon_title_typography_group_font_size_tablet": {
                                    "unit": "px",
                                    "size": 18,
                                    "sizes": []
                                },
                                "ekit_icon_title_typography_group_font_size_mobile": {
                                    "unit": "px",
                                    "size": 18,
                                    "sizes": []
                                },
                                "ekit_icon_title_typography_group_font_weight": "600",
                                "ekit_icon_title_typography_group_line_height": {
                                    "unit": "em",
                                    "size": 1.100000000000000088817841970012523233890533447265625,
                                    "sizes": []
                                },
                                "ekit_icon_description_color": "#54595F",
                                "ekit_icon_description_color_hover": "",
                                "ekit_icon_description_typography_group_typography": "custom",
                                "ekit_icon_description_typography_group_font_family": "Arimo",
                                "ekit_icon_description_typography_group_font_size": {
                                    "unit": "px",
                                    "size": 16,
                                    "sizes": []
                                },
                                "ekit_icon_description_typography_group_font_size_tablet": {
                                    "unit": "px",
                                    "size": 15,
                                    "sizes": []
                                },
                                "ekit_icon_description_typography_group_font_size_mobile": {
                                    "unit": "px",
                                    "size": 14,
                                    "sizes": []
                                },
                                "ekit_icon_description_typography_group_line_height": {
                                    "unit": "em",
                                    "size": 1.5,
                                    "sizes": []
                                },
                                "ekit_icon_box_icon_primary_color": "#47CF73",
                                "__globals__": {
                                    "ekit_icon_box_iocnbox_border_group_color": "globals\/colors?id=a185853",
                                    "ekit_icon_title_color": "globals\/colors?id=dea41e4",
                                    "ekit_icon_description_color": "globals\/colors?id=secondary",
                                    "ekit_icon_title_typography_group_typography": "globals\/typography?id=83682a1",
                                    "ekit_icon_description_typography_group_typography": "globals\/typography?id=b2ce6af",
                                    "ekit_icon_box_icon_primary_color": "globals\/colors?id=a37647b",
                                    "ekit_icon_box_icon_secondary_color_normal": ""
                                }
                            },
                            "elements": [],
                            "isInner": false,
                            "widgetType": "elementskit-icon-box",
                            "elType": "widget"
                        }
                    ],
                    "isInner": false,
                    "elType": "column"
                },
                {
                    "id": "6860a295",
                    "settings": {
                        "_column_size": 25,
                        "_inline_size": null,
                        "_inline_size_tablet": 50,
                        "animation": "bounceInDown",
                        "animation_delay": 600
                    },
                    "elements": [
                        {
                            "id": "5cc5e3fc",
                            "settings": {
                                "enable_equal_height": "enable",
                                "ekit_icon_box_header_icons": {
                                    "value": "icon icon-paper-plane",
                                    "library": "ekiticons"
                                },
                                "ekit_icon_box_title_text": "Ticket Support",
                                "ekit_icon_box_description_text": "Send us ticket for technical support.",
                                "ekit_icon_box_enable_btn": "yes",
                                "ekit_icon_box_btn_text": "Send ticket",
                                "ekit_icon_box_show_global_link": "",
                                "ekit_icon_box_text_align_responsive": "center",
                                "ekit_icon_box_badge_title": "EXCLUSIVE",
                                "ekit_icon_box_infobox_bg_group_background": "classic",
                                "ekit_icon_box_infobox_bg_group_color": "#02010100",
                                "ekit_icon_box_infobox_bg_padding": {
                                    "unit": "em",
                                    "top": "2",
                                    "right": "2",
                                    "bottom": "2",
                                    "left": "2",
                                    "isLinked": true
                                },
                                "ekit_icon_box_iocnbox_border_group_border": "solid",
                                "ekit_icon_box_iocnbox_border_group_width": {
                                    "unit": "px",
                                    "top": "1",
                                    "right": "1",
                                    "bottom": "1",
                                    "left": "1",
                                    "isLinked": true
                                },
                                "ekit_icon_box_infobox_border_radious": {
                                    "unit": "px",
                                    "top": "3",
                                    "right": "3",
                                    "bottom": "3",
                                    "left": "3",
                                    "isLinked": true
                                },
                                "ekit_icon_title_color_hover": "",
                                "ekit_icon_description_color_hover": "",
                                "ekit_icon_box_text_padding": {
                                    "unit": "px",
                                    "top": "5",
                                    "right": "0",
                                    "bottom": "5",
                                    "left": "0",
                                    "isLinked": false
                                },
                                "ekit_icon_box_text_margin": {
                                    "unit": "em",
                                    "top": "1",
                                    "right": "0",
                                    "bottom": "0",
                                    "left": "0",
                                    "isLinked": false
                                },
                                "ekit_icon_box_btn_background_group_background": "classic",
                                "ekit_icon_box_btn_background_group_color": "#02010100",
                                "ekit_icon_box_button_border_color_group_border": "solid",
                                "ekit_icon_box_button_border_color_group_width": {
                                    "unit": "px",
                                    "top": "0",
                                    "right": "0",
                                    "bottom": "1",
                                    "left": "0",
                                    "isLinked": false
                                },
                                "ekit_icon_box_btn_border_radius": {
                                    "unit": "px",
                                    "top": "0",
                                    "right": "0",
                                    "bottom": "0",
                                    "left": "0",
                                    "isLinked": true
                                },
                                "__globals__": {
                                    "ekit_icon_box_iocnbox_border_group_color": "globals\/colors?id=a185853",
                                    "ekit_icon_title_color": "globals\/colors?id=dea41e4",
                                    "ekit_icon_description_color": "globals\/colors?id=secondary",
                                    "ekit_icon_title_typography_group_typography": "globals\/typography?id=83682a1",
                                    "ekit_icon_description_typography_group_typography": "globals\/typography?id=b2ce6af",
                                    "ekit_icon_box_icon_primary_color": "globals\/colors?id=49d5f06",
                                    "ekit_icon_box_typography_group_typography": "globals\/typography?id=520c191",
                                    "ekit_icon_box_button_text_color": "globals\/colors?id=dea41e4",
                                    "ekit_icon_box_btn_hover_color": "globals\/colors?id=secondary"
                                }
                            },
                            "elements": [],
                            "isInner": false,
                            "widgetType": "elementskit-icon-box",
                            "elType": "widget"
                        }
                    ],
                    "isInner": false,
                    "elType": "column"
                }
            ],
            "isInner": false,
            "elType": "section"
        },
        {
            "id": "dc73c38",
            "settings": {
                "_ob_glider_nav_pos_y_alt": "50% - 25px",
                "_ob_glider_nav_pos_x_prev_alt": "0%",
                "_ob_glider_nav_pos_x_next_alt": "0%",
                "structure": "20",
                "background_background": "classic",
                "padding": {
                    "unit": "em",
                    "top": "5",
                    "right": "0",
                    "bottom": "5",
                    "left": "0",
                    "isLinked": false
                },
                "padding_tablet": {
                    "unit": "em",
                    "top": "3",
                    "right": "1",
                    "bottom": "3",
                    "left": "1",
                    "isLinked": false
                },
                "padding_mobile": {
                    "unit": "em",
                    "top": "0",
                    "right": "0",
                    "bottom": "0",
                    "left": "0",
                    "isLinked": false
                },
                "__globals__": {
                    "background_color": "globals\/colors?id=308e809"
                }
            },
            "elements": [
                {
                    "id": "259c5dc3",
                    "settings": {
                        "_column_size": 50,
                        "_inline_size": null,
                        "padding": {
                            "unit": "em",
                            "top": "3",
                            "right": "3",
                            "bottom": "3",
                            "left": "3",
                            "isLinked": true
                        },
                        "padding_tablet": {
                            "unit": "em",
                            "top": "2",
                            "right": "2",
                            "bottom": "2",
                            "left": "2",
                            "isLinked": true
                        },
                        "padding_mobile": {
                            "unit": "em",
                            "top": "2",
                            "right": "2",
                            "bottom": "2",
                            "left": "2",
                            "isLinked": true
                        },
                        "animation": "fadeInLeft"
                    },
                    "elements": [
                        {
                            "id": "5bf41f15",
                            "settings": {
                                "title": "Send us message",
                                "header_size": "h6"
                            },
                            "elements": [],
                            "isInner": false,
                            "widgetType": "heading",
                            "elType": "widget"
                        },
                        {
                            "id": "15f5867",
                            "settings": {
                                "title": "Have a question?"
                            },
                            "elements": [],
                            "isInner": false,
                            "widgetType": "heading",
                            "elType": "widget"
                        },
                        {
                            "id": "6dacf593",
                            "settings": [],
                            "elements": [],
                            "isInner": false,
                            "widgetType": "text-editor",
                            "elType": "widget"
                        },
                        {
                            "id": "5c5d1700",
                            "settings": {
                                "image": {
                                    "url": "https:\/\/demo.moxcreative.com\/craftmaya\/wp-content\/uploads\/sites\/63\/2021\/09\/Asset-31-1.png",
                                    "id": 149,
                                    "alt": "",
                                    "source": "library"
                                },
                                "image_size": "full",
                                "height": {
                                    "unit": "px",
                                    "size": 250,
                                    "sizes": []
                                },
                                "object-fit": "contain"
                            },
                            "elements": [],
                            "isInner": false,
                            "widgetType": "image",
                            "elType": "widget"
                        }
                    ],
                    "isInner": false,
                    "elType": "column"
                },
                {
                    "id": "11fc766a",
                    "settings": {
                        "_column_size": 50,
                        "_inline_size": null,
                        "background_background": "classic",
                        "border_border": "solid",
                        "border_width": {
                            "unit": "px",
                            "top": "1",
                            "right": "1",
                            "bottom": "1",
                            "left": "1",
                            "isLinked": true
                        },
                        "border_radius": {
                            "unit": "px",
                            "top": "3",
                            "right": "3",
                            "bottom": "3",
                            "left": "3",
                            "isLinked": true
                        },
                        "padding": {
                            "unit": "em",
                            "top": "3",
                            "right": "3",
                            "bottom": "3",
                            "left": "3",
                            "isLinked": true
                        },
                        "padding_tablet": {
                            "unit": "em",
                            "top": "3",
                            "right": "3",
                            "bottom": "3",
                            "left": "3",
                            "isLinked": true
                        },
                        "padding_mobile": {
                            "unit": "em",
                            "top": "2",
                            "right": "2",
                            "bottom": "2",
                            "left": "2",
                            "isLinked": true
                        },
                        "animation": "bounceInUp",
                        "__globals__": {
                            "border_color": "globals\/colors?id=a185853",
                            "background_color": "globals\/colors?id=a291686"
                        }
                    },
                    "elements": [
                        {
                            "id": "233e8212",
                            "settings": {
                                "form_name": "New Form",
                                "form_fields": [
                                    {
                                        "custom_id": "name",
                                        "field_label": "Name",
                                        "placeholder": "Name",
                                        "width": "50",
                                        "_id": "587e2c5"
                                    },
                                    {
                                        "custom_id": "field_b34abb0",
                                        "field_label": "Company",
                                        "placeholder": "Company",
                                        "width": "50",
                                        "_id": "b34abb0"
                                    },
                                    {
                                        "custom_id": "field_adcd83d",
                                        "field_type": "tel",
                                        "field_label": "Phone",
                                        "placeholder": "Phone",
                                        "width": "50",
                                        "_id": "adcd83d"
                                    },
                                    {
                                        "custom_id": "email",
                                        "field_type": "email",
                                        "required": "true",
                                        "field_label": "Email",
                                        "placeholder": "Email",
                                        "width": "50",
                                        "_id": "c1cec95"
                                    },
                                    {
                                        "custom_id": "message",
                                        "field_type": "textarea",
                                        "field_label": "Message",
                                        "placeholder": "Message",
                                        "_id": "f763f6d"
                                    }
                                ],
                                "input_size": "lg",
                                "button_size": "lg",
                                "step_next_label": "Next",
                                "step_previous_label": "Previous",
                                "button_text": "Send Message",
                                "selected_button_icon": {
                                    "value": "icon icon-envelope1",
                                    "library": "ekiticons"
                                },
                                "button_icon_indent": {
                                    "unit": "px",
                                    "size": 14,
                                    "sizes": []
                                },
                                "email_content": "[all-fields]",
                                "email_content_2": "[all-fields]",
                                "success_message": "The form was sent successfully.",
                                "error_message": "An error occurred.",
                                "required_field_message": "This field is required.",
                                "invalid_message": "There's something wrong. The form is invalid.",
                                "field_background_color": "",
                                "button_text_color": "",
                                "previous_button_text_color": "",
                                "button_hover_color": "",
                                "previous_button_text_color_hover": ""
                            },
                            "elements": [],
                            "isInner": false,
                            "widgetType": "form",
                            "elType": "widget"
                        }
                    ],
                    "isInner": false,
                    "elType": "column"
                }
            ],
            "isInner": false,
            "elType": "section"
        },
        {
            "id": "28ce6345",
            "settings": {
                "layout": "full_width",
                "gap": "no",
                "_ob_glider_nav_pos_y_alt": "50% - 25px",
                "_ob_glider_nav_pos_x_prev_alt": "0%",
                "_ob_glider_nav_pos_x_next_alt": "0%",
                "animation": "fadeInUp"
            },
            "elements": [
                {
                    "id": "576db330",
                    "settings": {
                        "_column_size": 100,
                        "_inline_size": null
                    },
                    "elements": [
                        {
                            "id": "2a6f24fd",
                            "settings": {
                                "address": "London Eye, London, United Kingdom",
                                "zoom": {
                                    "unit": "px",
                                    "size": 12,
                                    "sizes": []
                                },
                                "height": {
                                    "unit": "px",
                                    "size": 350,
                                    "sizes": []
                                }
                            },
                            "elements": [],
                            "isInner": false,
                            "widgetType": "google_maps",
                            "elType": "widget"
                        }
                    ],
                    "isInner": false,
                    "elType": "column"
                }
            ],
            "isInner": false,
            "elType": "section"
        },
        {
            "id": "528dd85c",
            "settings": {
                "content_width": {
                    "unit": "px",
                    "size": 840,
                    "sizes": []
                },
                "_ob_glider_nav_pos_y_alt": "50% - 25px",
                "_ob_glider_nav_pos_x_prev_alt": "0%",
                "_ob_glider_nav_pos_x_next_alt": "0%",
                "padding": {
                    "unit": "em",
                    "top": "5",
                    "right": "0",
                    "bottom": "5",
                    "left": "0",
                    "isLinked": false
                },
                "padding_mobile": {
                    "unit": "em",
                    "top": "2",
                    "right": "0",
                    "bottom": "2",
                    "left": "0",
                    "isLinked": false
                },
                "animation": "fadeInUp"
            },
            "elements": [
                {
                    "id": "5d83dc7b",
                    "settings": {
                        "_column_size": 100,
                        "_inline_size": null,
                        "padding": {
                            "unit": "em",
                            "top": "3",
                            "right": "3",
                            "bottom": "3",
                            "left": "3",
                            "isLinked": true
                        },
                        "padding_mobile": {
                            "unit": "em",
                            "top": "2",
                            "right": "2",
                            "bottom": "2",
                            "left": "2",
                            "isLinked": true
                        }
                    },
                    "elements": [
                        {
                            "id": "2e74d85e",
                            "settings": {
                                "title": "Follow our social network",
                                "header_size": "h3",
                                "align": "center"
                            },
                            "elements": [],
                            "isInner": false,
                            "widgetType": "heading",
                            "elType": "widget"
                        },
                        {
                            "id": "7c903036",
                            "settings": {
                                "editor": "<p>Lorem ipsum dolor sit amet, consectetur adipiscing elit.\u00a0<\/p>",
                                "align": "center"
                            },
                            "elements": [],
                            "isInner": false,
                            "widgetType": "text-editor",
                            "elType": "widget"
                        },
                        {
                            "id": "254399a1",
                            "settings": {
                                "social_icon_list": [
                                    {
                                        "social_icon": {
                                            "value": "fab fa-facebook-f",
                                            "library": "fa-brands"
                                        },
                                        "_id": "8fea713"
                                    },
                                    {
                                        "social_icon": {
                                            "value": "fab fa-dribbble",
                                            "library": "fa-brands"
                                        },
                                        "_id": "e3a26e0"
                                    },
                                    {
                                        "social_icon": {
                                            "value": "fab fa-behance",
                                            "library": "fa-brands"
                                        },
                                        "_id": "9c29e54"
                                    },
                                    {
                                        "social_icon": {
                                            "value": "fab fa-twitter",
                                            "library": "fa-brands"
                                        },
                                        "_id": "adfe409"
                                    },
                                    {
                                        "social_icon": {
                                            "value": "fab fa-youtube",
                                            "library": "fa-brands"
                                        },
                                        "_id": "d04d0b8"
                                    }
                                ],
                                "icon_color": "custom",
                                "image_border_border": "solid",
                                "image_border_width": {
                                    "unit": "px",
                                    "top": "1",
                                    "right": "1",
                                    "bottom": "1",
                                    "left": "1",
                                    "isLinked": true
                                },
                                "border_radius": {
                                    "unit": "px",
                                    "top": "3",
                                    "right": "3",
                                    "bottom": "3",
                                    "left": "3",
                                    "isLinked": true
                                },
                                "hover_animation": "grow",
                                "__globals__": {
                                    "icon_primary_color": "globals\/colors?id=a291686",
                                    "icon_secondary_color": "globals\/colors?id=dea41e4",
                                    "hover_primary_color": "globals\/colors?id=a185853",
                                    "hover_secondary_color": "globals\/colors?id=a291686",
                                    "hover_border_color": "globals\/colors?id=a185853"
                                }
                            },
                            "elements": [],
                            "isInner": false,
                            "widgetType": "social-icons",
                            "elType": "widget"
                        }
                    ],
                    "isInner": false,
                    "elType": "column"
                }
            ],
            "isInner": false,
            "elType": "section"
        }
    ],
    "page_settings": {
        "eael_ext_toc_title": "Table of Contents",
        "template": "elementor_header_footer"
    }
}