{
    "version": "0.4",
    "title": "Craftmaya V1 &#8211; Header",
    "type": "header",
    "metadata": {
        "template_type": "section-header",
        "include_in_zip": "1",
        "elementor_pro_required": "1",
        "elementor_library_type": "header",
        "elementor_pro_conditions": [
            "include\/general"
        ],
        "additional_template_information": [
            "This is a \"Header\" template for Elementor Pro.",
            "This template will display on: Entire Site."
        ],
        "wp_page_template": "default"
    },
    "content": [
        {
            "id": "76620b6d",
            "settings": {
                "content_position": "middle",
                "_ob_glider_nav_pos_y_alt": "50% - 25px",
                "_ob_glider_nav_pos_x_prev_alt": "0%",
                "_ob_glider_nav_pos_x_next_alt": "0%",
                "structure": "34",
                "padding": {
                    "unit": "px",
                    "top": "10",
                    "right": "10",
                    "bottom": "10",
                    "left": "10",
                    "isLinked": true
                }
            },
            "elements": [
                {
                    "id": "2dfcc3a2",
                    "settings": {
                        "_column_size": 16,
                        "_inline_size": null,
                        "_inline_size_tablet": 66,
                        "_inline_size_mobile": 80
                    },
                    "elements": [
                        {
                            "id": "69ff6d1e",
                            "settings": {
                                "image": {
                                    "url": "https:\/\/demo.moxcreative.com\/craftmaya\/wp-content\/uploads\/sites\/63\/2021\/09\/logo_craftmaya.png",
                                    "id": 37,
                                    "alt": "",
                                    "source": "library"
                                },
                                "image_size": "custom",
                                "image_custom_dimension": {
                                    "width": "",
                                    "height": "45"
                                },
                                "align_tablet": "left",
                                "align_mobile": "left",
                                "link_to": "custom",
                                "width_mobile": {
                                    "unit": "%",
                                    "size": 80,
                                    "sizes": []
                                },
                                "__dynamic__": {
                                    "link": "[elementor-tag id=\"ddff24f\" name=\"site-url\" settings=\"%7B%7D\"]"
                                }
                            },
                            "elements": [],
                            "isInner": false,
                            "widgetType": "image",
                            "elType": "widget"
                        }
                    ],
                    "isInner": false,
                    "elType": "column"
                },
                {
                    "id": "20d237c4",
                    "settings": {
                        "_column_size": 66,
                        "_inline_size": null,
                        "_inline_size_tablet": 10,
                        "_inline_size_mobile": 20
                    },
                    "elements": [
                        {
                            "id": "7f453752",
                            "settings": {
                                "align_items": "right",
                                "pointer": "none",
                                "animation_line": "slide",
                                "indicator": "chevron",
                                "full_width": "stretch",
                                "padding_horizontal_menu_item": {
                                    "unit": "px",
                                    "size": 0,
                                    "sizes": []
                                },
                                "padding_vertical_menu_item": {
                                    "unit": "px",
                                    "size": 16,
                                    "sizes": []
                                },
                                "menu_space_between": {
                                    "unit": "px",
                                    "size": 42,
                                    "sizes": []
                                },
                                "dropdown_border_border": "solid",
                                "dropdown_border_width": {
                                    "unit": "px",
                                    "top": "1",
                                    "right": "1",
                                    "bottom": "1",
                                    "left": "1",
                                    "isLinked": true
                                },
                                "dropdown_border_radius": {
                                    "unit": "px",
                                    "top": "3",
                                    "right": "3",
                                    "bottom": "3",
                                    "left": "3",
                                    "isLinked": true
                                },
                                "dropdown_box_shadow_box_shadow": {
                                    "horizontal": 0,
                                    "vertical": 10,
                                    "blur": 30,
                                    "spread": 0,
                                    "color": "rgba(0, 0, 0, 0.1)"
                                },
                                "toggle_size_tablet": {
                                    "unit": "px",
                                    "size": 32,
                                    "sizes": []
                                },
                                "toggle_size_mobile": {
                                    "unit": "px",
                                    "size": 28,
                                    "sizes": []
                                },
                                "toggle_border_width_tablet": {
                                    "unit": "px",
                                    "size": 1,
                                    "sizes": []
                                },
                                "toggle_border_width_mobile": {
                                    "unit": "px",
                                    "size": 1,
                                    "sizes": []
                                },
                                "toggle_border_radius_tablet": {
                                    "unit": "px",
                                    "size": 3,
                                    "sizes": []
                                },
                                "__globals__": {
                                    "menu_typography_typography": "globals\/typography?id=520c191",
                                    "dropdown_typography_typography": "globals\/typography?id=520c191",
                                    "color_dropdown_item": "globals\/colors?id=dea41e4",
                                    "background_color_dropdown_item": "globals\/colors?id=a291686",
                                    "dropdown_border_color": "globals\/colors?id=a185853",
                                    "color_dropdown_item_hover": "globals\/colors?id=dea41e4",
                                    "background_color_dropdown_item_hover": "globals\/colors?id=308e809",
                                    "color_dropdown_item_active": "globals\/colors?id=a291686",
                                    "background_color_dropdown_item_active": "globals\/colors?id=a185853",
                                    "toggle_color": "globals\/colors?id=dea41e4",
                                    "toggle_background_color": "globals\/colors?id=a291686",
                                    "toggle_color_hover": "globals\/colors?id=a291686",
                                    "toggle_background_color_hover": "globals\/colors?id=a185853"
                                }
                            },
                            "elements": [],
                            "isInner": false,
                            "widgetType": "nav-menu",
                            "elType": "widget"
                        }
                    ],
                    "isInner": false,
                    "elType": "column"
                },
                {
                    "id": "214a9c50",
                    "settings": {
                        "_column_size": 16,
                        "_inline_size": null,
                        "_inline_size_tablet": 24,
                        "hide_mobile": "hidden-mobile"
                    },
                    "elements": [
                        {
                            "id": "18d2550f",
                            "settings": {
                                "text": "Get Started",
                                "align": "right",
                                "size": "md",
                                "hover_animation": "wobble-horizontal",
                                "__globals__": {
                                    "button_text_color": "globals\/colors?id=a291686",
                                    "background_color": "globals\/colors?id=a185853",
                                    "hover_color": "globals\/colors?id=dea41e4",
                                    "button_background_hover_color": "globals\/colors?id=a291686"
                                }
                            },
                            "elements": [],
                            "isInner": false,
                            "widgetType": "button",
                            "elType": "widget"
                        }
                    ],
                    "isInner": false,
                    "elType": "column"
                }
            ],
            "isInner": false,
            "elType": "section"
        }
    ]
}