{
    "version": "0.4",
    "title": "Craftmaya V1 &#8211; Error 404",
    "type": "error-404",
    "metadata": {
        "template_type": "single-404",
        "include_in_zip": "1",
        "elementor_pro_required": "1",
        "elementor_library_type": "error-404",
        "elementor_pro_conditions": [
            "include\/singular\/not_found404"
        ],
        "additional_template_information": [
            "This is a \"Error 404\" template for Elementor Pro.",
            "This template will display on: 404 Page."
        ],
        "wp_page_template": "default"
    },
    "content": [
        {
            "id": "6575069e",
            "settings": {
                "content_width": {
                    "unit": "px",
                    "size": 640,
                    "sizes": []
                },
                "_ob_glider_nav_pos_y_alt": "50% - 25px",
                "_ob_glider_nav_pos_x_prev_alt": "0%",
                "_ob_glider_nav_pos_x_next_alt": "0%",
                "background_background": "classic",
                "background_image": {
                    "url": "https:\/\/demo.moxcreative.com\/craftmaya\/wp-content\/uploads\/sites\/63\/2021\/09\/bg_memphis.png",
                    "id": 49,
                    "alt": "",
                    "source": "library"
                },
                "background_position": "top center",
                "background_repeat": "no-repeat",
                "background_size": "cover",
                "background_overlay_background": "gradient",
                "background_overlay_color": "#ECECEC00",
                "background_overlay_color_b": "#FFFFFF",
                "background_overlay_image": {
                    "url": "",
                    "id": "",
                    "alt": "",
                    "source": "library"
                },
                "background_overlay_position": "top center",
                "background_overlay_repeat": "no-repeat",
                "background_overlay_size": "cover",
                "background_overlay_opacity": {
                    "unit": "px",
                    "size": 1,
                    "sizes": []
                },
                "padding": {
                    "unit": "em",
                    "top": "5",
                    "right": "0",
                    "bottom": "5",
                    "left": "0",
                    "isLinked": false
                },
                "padding_mobile": {
                    "unit": "em",
                    "top": "3",
                    "right": "2",
                    "bottom": "3",
                    "left": "2",
                    "isLinked": false
                },
                "__globals__": {
                    "background_overlay_color": "",
                    "background_overlay_color_b": "globals\/colors?id=a291686"
                }
            },
            "elements": [
                {
                    "id": "57e56a43",
                    "settings": {
                        "_column_size": 100,
                        "_inline_size": null
                    },
                    "elements": [
                        {
                            "id": "7ac00938",
                            "settings": {
                                "image": {
                                    "url": "https:\/\/demo.moxcreative.com\/craftmaya\/wp-content\/uploads\/sites\/63\/2021\/09\/Asset-61.png",
                                    "id": 108,
                                    "alt": "",
                                    "source": "library"
                                },
                                "image_size": "full",
                                "height": {
                                    "unit": "px",
                                    "size": 250,
                                    "sizes": []
                                },
                                "object-fit": "contain",
                                "_animation": "headShake"
                            },
                            "elements": [],
                            "isInner": false,
                            "widgetType": "image",
                            "elType": "widget"
                        },
                        {
                            "id": "49188f4c",
                            "settings": {
                                "title": "Error 404 \u2013 Page Not Found",
                                "header_size": "h3",
                                "align": "center",
                                "_animation": "bounceInDown"
                            },
                            "elements": [],
                            "isInner": false,
                            "widgetType": "heading",
                            "elType": "widget"
                        },
                        {
                            "id": "73a85b5c",
                            "settings": {
                                "editor": "<p>The page you are looking for does not exist; it may have been moved, or removed altogether.\u00a0<\/p>",
                                "align": "center",
                                "_animation": "bounceInUp"
                            },
                            "elements": [],
                            "isInner": false,
                            "widgetType": "text-editor",
                            "elType": "widget"
                        },
                        {
                            "id": "54ebc402",
                            "settings": {
                                "text": "Back Home",
                                "align": "center",
                                "size": "md",
                                "selected_icon": {
                                    "value": "icon icon-left-arrow2",
                                    "library": "ekiticons"
                                },
                                "icon_indent": {
                                    "unit": "px",
                                    "size": 14,
                                    "sizes": []
                                },
                                "_animation": "bounceInUp",
                                "_animation_delay": 120,
                                "__dynamic__": {
                                    "link": "[elementor-tag id=\"60011ec\" name=\"site-url\" settings=\"%7B%7D\"]"
                                }
                            },
                            "elements": [],
                            "isInner": false,
                            "widgetType": "button",
                            "elType": "widget"
                        }
                    ],
                    "isInner": false,
                    "elType": "column"
                }
            ],
            "isInner": false,
            "elType": "section"
        }
    ]
}