{
    "version": "0.4",
    "title": "Craftmaya V1 &#8211; Single Post",
    "type": "single-post",
    "metadata": {
        "template_type": "single-post",
        "include_in_zip": "1",
        "elementor_pro_required": "1",
        "elementor_library_type": "single-post",
        "elementor_pro_conditions": [
            "include\/singular\/post"
        ],
        "additional_template_information": [
            "This is a \"Single Post\" template for Elementor Pro.",
            "This template will display on: Posts."
        ],
        "wp_page_template": "default"
    },
    "content": [
        {
            "id": "5b3fd8e5",
            "settings": {
                "_ob_glider_nav_pos_y_alt": "50% - 25px",
                "_ob_glider_nav_pos_x_prev_alt": "0%",
                "_ob_glider_nav_pos_x_next_alt": "0%",
                "border_border": "solid",
                "border_width": {
                    "unit": "px",
                    "top": "1",
                    "right": "0",
                    "bottom": "0",
                    "left": "0",
                    "isLinked": false
                },
                "__globals__": {
                    "border_color": "globals\/colors?id=308e809"
                }
            },
            "elements": [
                {
                    "id": "7bf7a449",
                    "settings": {
                        "_column_size": 100,
                        "_inline_size": null
                    },
                    "elements": [
                        {
                            "id": "3092f62e",
                            "settings": {
                                "view": "inline",
                                "icon_list": [
                                    {
                                        "text": "Home",
                                        "selected_icon": {
                                            "value": "",
                                            "library": ""
                                        },
                                        "_id": "f578fef"
                                    },
                                    {
                                        "text": "List Item #2",
                                        "selected_icon": {
                                            "value": "icon icon-chevron-right",
                                            "library": "ekiticons"
                                        },
                                        "_id": "23ac49c",
                                        "__dynamic__": {
                                            "text": "[elementor-tag id=\"ea0c04b\" name=\"post-terms\" settings=\"%7B%22taxonomy%22%3A%22category%22%2C%22separator%22%3A%22%2C%20%22%7D\"]"
                                        }
                                    },
                                    {
                                        "text": "List Item #3",
                                        "selected_icon": {
                                            "value": "icon icon-chevron-right",
                                            "library": "ekiticons"
                                        },
                                        "_id": "105cb58",
                                        "__dynamic__": {
                                            "text": "[elementor-tag id=\"f51cd72\" name=\"post-title\" settings=\"%7B%7D\"]"
                                        }
                                    }
                                ],
                                "space_between": {
                                    "unit": "px",
                                    "size": 14,
                                    "sizes": []
                                },
                                "icon_size": {
                                    "unit": "px",
                                    "size": 12,
                                    "sizes": []
                                },
                                "__globals__": {
                                    "icon_typography_typography": "globals\/typography?id=112b6c4"
                                }
                            },
                            "elements": [],
                            "isInner": false,
                            "widgetType": "icon-list",
                            "elType": "widget"
                        }
                    ],
                    "isInner": false,
                    "elType": "column"
                }
            ],
            "isInner": false,
            "elType": "section"
        },
        {
            "id": "13d15db1",
            "settings": {
                "_ob_glider_nav_pos_y_alt": "50% - 25px",
                "_ob_glider_nav_pos_x_prev_alt": "0%",
                "_ob_glider_nav_pos_x_next_alt": "0%",
                "structure": "22",
                "padding": {
                    "unit": "em",
                    "top": "3",
                    "right": "0",
                    "bottom": "5",
                    "left": "0",
                    "isLinked": false
                },
                "padding_tablet": {
                    "unit": "em",
                    "top": "0",
                    "right": "0",
                    "bottom": "0",
                    "left": "0",
                    "isLinked": false
                },
                "padding_mobile": {
                    "unit": "em",
                    "top": "0",
                    "right": "0",
                    "bottom": "0",
                    "left": "0",
                    "isLinked": false
                }
            },
            "elements": [
                {
                    "id": "157cdf20",
                    "settings": {
                        "_column_size": 66,
                        "_inline_size": 65,
                        "_inline_size_tablet": 100,
                        "padding": {
                            "unit": "em",
                            "top": "2",
                            "right": "2",
                            "bottom": "2",
                            "left": "2",
                            "isLinked": true
                        },
                        "padding_tablet": {
                            "unit": "em",
                            "top": "3",
                            "right": "3",
                            "bottom": "3",
                            "left": "3",
                            "isLinked": true
                        },
                        "animation": "fadeInLeft"
                    },
                    "elements": [
                        {
                            "id": "49730291",
                            "settings": {
                                "title": "Add Your Heading Text Here",
                                "header_size": "h3",
                                "__dynamic__": {
                                    "title": "[elementor-tag id=\"d9c9ed8\" name=\"post-title\" settings=\"%7B%7D\"]"
                                }
                            },
                            "elements": [],
                            "isInner": false,
                            "widgetType": "heading",
                            "elType": "widget"
                        },
                        {
                            "id": "23818135",
                            "settings": {
                                "icon_list": [
                                    {
                                        "type": "author",
                                        "selected_icon": {
                                            "value": "far fa-user-circle",
                                            "library": "fa-regular"
                                        },
                                        "_id": "f1c0fd9",
                                        "custom_date_format": "F j, Y",
                                        "custom_time_format": "g:i a",
                                        "text_prefix": "Written by",
                                        "show_icon": "none"
                                    },
                                    {
                                        "selected_icon": {
                                            "value": "fas fa-calendar",
                                            "library": "fa-solid"
                                        },
                                        "_id": "46549ca",
                                        "custom_date_format": "F j, Y",
                                        "custom_time_format": "g:i a",
                                        "text_prefix": "Publish on",
                                        "show_icon": "none"
                                    },
                                    {
                                        "type": "comments",
                                        "selected_icon": {
                                            "value": "far fa-comment-dots",
                                            "library": "fa-regular"
                                        },
                                        "_id": "e639b95",
                                        "custom_date_format": "F j, Y",
                                        "custom_time_format": "g:i a"
                                    }
                                ],
                                "icon_size": {
                                    "unit": "px",
                                    "size": 12,
                                    "sizes": []
                                },
                                "__globals__": {
                                    "icon_typography_typography": "globals\/typography?id=69c152f"
                                }
                            },
                            "elements": [],
                            "isInner": false,
                            "widgetType": "post-info",
                            "elType": "widget"
                        },
                        {
                            "id": "43104870",
                            "settings": {
                                "__dynamic__": {
                                    "image": "[elementor-tag id=\"\" name=\"post-featured-image\" settings=\"%7B%22fallback%22%3A%7B%22url%22%3A%22%22%2C%22id%22%3A%22%22%7D%7D\"]"
                                },
                                "image_size": "full",
                                "width": {
                                    "unit": "%",
                                    "size": 100,
                                    "sizes": []
                                },
                                "height": {
                                    "unit": "px",
                                    "size": 500,
                                    "sizes": []
                                },
                                "height_mobile": {
                                    "unit": "px",
                                    "size": 200,
                                    "sizes": []
                                },
                                "object-fit": "cover",
                                "image_border_radius": {
                                    "unit": "px",
                                    "top": "3",
                                    "right": "3",
                                    "bottom": "3",
                                    "left": "3",
                                    "isLinked": true
                                }
                            },
                            "elements": [],
                            "isInner": false,
                            "widgetType": "theme-post-featured-image",
                            "elType": "widget"
                        },
                        {
                            "id": "262e6e73",
                            "settings": [],
                            "elements": [],
                            "isInner": false,
                            "widgetType": "theme-post-content",
                            "elType": "widget"
                        },
                        {
                            "id": "4bb60005",
                            "settings": {
                                "_ob_bbad_inner_width": "100%",
                                "_ob_glider_nav_pos_y_alt": "50% - 25px",
                                "_ob_glider_nav_pos_x_prev_alt": "0%",
                                "_ob_glider_nav_pos_x_next_alt": "0%",
                                "border_border": "solid",
                                "border_width": {
                                    "unit": "px",
                                    "top": "1",
                                    "right": "0",
                                    "bottom": "1",
                                    "left": "0",
                                    "isLinked": false
                                },
                                "padding": {
                                    "unit": "em",
                                    "top": "1",
                                    "right": "0",
                                    "bottom": "1",
                                    "left": "0",
                                    "isLinked": false
                                },
                                "__globals__": {
                                    "border_color": "globals\/colors?id=308e809"
                                }
                            },
                            "elements": [
                                {
                                    "id": "778e2f3c",
                                    "settings": {
                                        "_column_size": 100,
                                        "_inline_size": null
                                    },
                                    "elements": [
                                        {
                                            "id": "751314f1",
                                            "settings": {
                                                "title": "Share this article :",
                                                "header_size": "h5"
                                            },
                                            "elements": [],
                                            "isInner": false,
                                            "widgetType": "heading",
                                            "elType": "widget"
                                        },
                                        {
                                            "id": "74e0dec5",
                                            "settings": {
                                                "share_buttons": [
                                                    {
                                                        "_id": "c4d1baf"
                                                    },
                                                    {
                                                        "button": "twitter",
                                                        "_id": "ecd91cf"
                                                    },
                                                    {
                                                        "button": "linkedin",
                                                        "_id": "c482f7d"
                                                    }
                                                ],
                                                "skin": "framed",
                                                "border_size": {
                                                    "unit": "px",
                                                    "size": 1,
                                                    "sizes": []
                                                },
                                                "color_source": "custom",
                                                "primary_color": "#191919",
                                                "__globals__": {
                                                    "primary_color": "globals\/colors?id=dea41e4",
                                                    "primary_color_hover": "",
                                                    "secondary_color_hover": "",
                                                    "typography_typography": "globals\/typography?id=69c152f"
                                                }
                                            },
                                            "elements": [],
                                            "isInner": false,
                                            "widgetType": "share-buttons",
                                            "elType": "widget"
                                        }
                                    ],
                                    "isInner": true,
                                    "elType": "column"
                                }
                            ],
                            "isInner": true,
                            "elType": "section"
                        },
                        {
                            "id": "679ee365",
                            "settings": {
                                "_skin": "theme_comments"
                            },
                            "elements": [],
                            "isInner": false,
                            "widgetType": "post-comments",
                            "elType": "widget"
                        }
                    ],
                    "isInner": false,
                    "elType": "column"
                },
                {
                    "id": "17205122",
                    "settings": {
                        "_column_size": 33,
                        "_inline_size": 34.332999999999998408384271897375583648681640625,
                        "_inline_size_tablet": 100,
                        "padding": {
                            "unit": "em",
                            "top": "2",
                            "right": "2",
                            "bottom": "2",
                            "left": "2",
                            "isLinked": true
                        },
                        "padding_mobile": {
                            "unit": "px",
                            "top": "5",
                            "right": "5",
                            "bottom": "5",
                            "left": "5",
                            "isLinked": true
                        },
                        "animation": "fadeInRight"
                    },
                    "elements": [
                        {
                            "id": "693f8dc7",
                            "settings": {
                                "_ob_bbad_inner_width": "100%",
                                "_ob_glider_nav_pos_y_alt": "50% - 25px",
                                "_ob_glider_nav_pos_x_prev_alt": "0%",
                                "_ob_glider_nav_pos_x_next_alt": "0%",
                                "border_border": "solid",
                                "border_width": {
                                    "unit": "px",
                                    "top": "1",
                                    "right": "1",
                                    "bottom": "1",
                                    "left": "1",
                                    "isLinked": true
                                },
                                "border_radius": {
                                    "unit": "px",
                                    "top": "3",
                                    "right": "3",
                                    "bottom": "3",
                                    "left": "3",
                                    "isLinked": true
                                },
                                "__globals__": {
                                    "border_color": "globals\/colors?id=a185853"
                                }
                            },
                            "elements": [
                                {
                                    "id": "6dfa0eca",
                                    "settings": {
                                        "_column_size": 100,
                                        "_inline_size": null,
                                        "padding": {
                                            "unit": "em",
                                            "top": "2",
                                            "right": "2",
                                            "bottom": "2",
                                            "left": "2",
                                            "isLinked": true
                                        }
                                    },
                                    "elements": [
                                        {
                                            "id": "3df0c104",
                                            "settings": {
                                                "title": "Newsletter",
                                                "header_size": "h4"
                                            },
                                            "elements": [],
                                            "isInner": false,
                                            "widgetType": "heading",
                                            "elType": "widget"
                                        },
                                        {
                                            "id": "241279c6",
                                            "settings": {
                                                "title": "Sign up our newsletter to get update information, promotion or insight for free.",
                                                "header_size": "span"
                                            },
                                            "elements": [],
                                            "isInner": false,
                                            "widgetType": "heading",
                                            "elType": "widget"
                                        },
                                        {
                                            "id": "13f4acec",
                                            "settings": {
                                                "form_name": "New Form",
                                                "form_fields": [
                                                    {
                                                        "custom_id": "email",
                                                        "field_type": "email",
                                                        "required": "true",
                                                        "field_label": "Email",
                                                        "placeholder": "Email",
                                                        "_id": "bb31bc3",
                                                        "width_tablet": "66"
                                                    }
                                                ],
                                                "input_size": "md",
                                                "show_labels": "",
                                                "button_size": "md",
                                                "button_width_tablet": "33",
                                                "step_next_label": "Next",
                                                "step_previous_label": "Previous",
                                                "button_text": "Sign Up",
                                                "email_content": "[all-fields]",
                                                "email_content_2": "[all-fields]",
                                                "success_message": "The form was sent successfully.",
                                                "error_message": "An error occurred.",
                                                "required_field_message": "This field is required.",
                                                "invalid_message": "There's something wrong. The form is invalid.",
                                                "field_background_color": "",
                                                "button_text_color": "",
                                                "previous_button_text_color": "",
                                                "button_hover_color": "",
                                                "previous_button_text_color_hover": ""
                                            },
                                            "elements": [],
                                            "isInner": false,
                                            "widgetType": "form",
                                            "elType": "widget"
                                        }
                                    ],
                                    "isInner": true,
                                    "elType": "column"
                                }
                            ],
                            "isInner": true,
                            "elType": "section"
                        },
                        {
                            "id": "7f2fa4da",
                            "settings": {
                                "_ob_bbad_inner_width": "100%",
                                "_ob_glider_nav_pos_y_alt": "50% - 25px",
                                "_ob_glider_nav_pos_x_prev_alt": "0%",
                                "_ob_glider_nav_pos_x_next_alt": "0%",
                                "border_border": "solid",
                                "border_width": {
                                    "unit": "px",
                                    "top": "1",
                                    "right": "1",
                                    "bottom": "1",
                                    "left": "1",
                                    "isLinked": true
                                },
                                "border_radius": {
                                    "unit": "px",
                                    "top": "3",
                                    "right": "3",
                                    "bottom": "3",
                                    "left": "3",
                                    "isLinked": true
                                },
                                "box_shadow_box_shadow_type": "yes",
                                "box_shadow_box_shadow": {
                                    "horizontal": 0,
                                    "vertical": 10,
                                    "blur": 30,
                                    "spread": 0,
                                    "color": "rgba(0, 0, 0, 0.1)"
                                },
                                "margin": {
                                    "unit": "em",
                                    "top": "1",
                                    "right": 0,
                                    "bottom": "1",
                                    "left": 0,
                                    "isLinked": true
                                },
                                "__globals__": {
                                    "border_color": "globals\/colors?id=308e809"
                                }
                            },
                            "elements": [
                                {
                                    "id": "2897a7fd",
                                    "settings": {
                                        "_column_size": 100,
                                        "_inline_size": null,
                                        "padding": {
                                            "unit": "em",
                                            "top": "2",
                                            "right": "2",
                                            "bottom": "2",
                                            "left": "2",
                                            "isLinked": true
                                        }
                                    },
                                    "elements": [
                                        {
                                            "id": "28a0d3e0",
                                            "settings": {
                                                "title": "Latest Post",
                                                "header_size": "h4"
                                            },
                                            "elements": [],
                                            "isInner": false,
                                            "widgetType": "heading",
                                            "elType": "widget"
                                        },
                                        {
                                            "id": "1459d444",
                                            "settings": {
                                                "classic_columns": "1",
                                                "classic_thumbnail": "left",
                                                "classic_item_ratio": {
                                                    "unit": "px",
                                                    "size": 1,
                                                    "sizes": []
                                                },
                                                "classic_item_ratio_mobile": {
                                                    "unit": "px",
                                                    "size": 1,
                                                    "sizes": []
                                                },
                                                "classic_image_width": {
                                                    "unit": "%",
                                                    "size": 25,
                                                    "sizes": []
                                                },
                                                "classic_image_width_mobile": {
                                                    "unit": "%",
                                                    "size": 25,
                                                    "sizes": []
                                                },
                                                "classic_title_tag": "h5",
                                                "classic_show_excerpt": "",
                                                "classic_meta_data": [
                                                    "author",
                                                    "date"
                                                ],
                                                "classic_meta_separator": ".",
                                                "classic_show_read_more": "",
                                                "classic_read_more_text": "Read More \u00bb",
                                                "cards_meta_separator": "\u2022",
                                                "cards_read_more_text": "Read More \u00bb",
                                                "full_content_meta_separator": "\/\/\/",
                                                "classic_column_gap": {
                                                    "unit": "px",
                                                    "size": 20,
                                                    "sizes": []
                                                },
                                                "classic_row_gap": {
                                                    "unit": "px",
                                                    "size": 20,
                                                    "sizes": []
                                                },
                                                "classic_img_border_radius": {
                                                    "unit": "px",
                                                    "top": "3",
                                                    "right": "3",
                                                    "bottom": "3",
                                                    "left": "3",
                                                    "isLinked": true
                                                },
                                                "classic_image_spacing": {
                                                    "unit": "px",
                                                    "size": 15,
                                                    "sizes": []
                                                },
                                                "classic_title_spacing": {
                                                    "unit": "px",
                                                    "size": 6,
                                                    "sizes": []
                                                },
                                                "pagination_page_limit": "5",
                                                "pagination_prev_label": "&laquo; Previous",
                                                "pagination_next_label": "Next &raquo;",
                                                "__globals__": {
                                                    "classic_title_typography_typography": "globals\/typography?id=69c152f",
                                                    "classic_meta_typography_typography": "globals\/typography?id=112b6c4",
                                                    "classic_meta_color": "globals\/colors?id=secondary"
                                                }
                                            },
                                            "elements": [],
                                            "isInner": false,
                                            "widgetType": "posts",
                                            "elType": "widget"
                                        }
                                    ],
                                    "isInner": true,
                                    "elType": "column"
                                }
                            ],
                            "isInner": true,
                            "elType": "section"
                        }
                    ],
                    "isInner": false,
                    "elType": "column"
                }
            ],
            "isInner": false,
            "elType": "section"
        }
    ],
    "page_settings": {
        "eael_ext_toc_title": "Table of Contents"
    }
}