{
    "version": "0.4",
    "title": "Craftmaya V1 &#8211; Archive Blog",
    "type": "archive",
    "metadata": {
        "template_type": "archive-blog",
        "include_in_zip": "1",
        "elementor_pro_required": "1",
        "elementor_library_type": "archive",
        "elementor_pro_conditions": [
            "include\/archive"
        ],
        "additional_template_information": [
            "This is a \"Archive\" template for Elementor Pro.",
            "This template will display on: All Archives."
        ],
        "wp_page_template": "default"
    },
    "content": [
        {
            "id": "23125a82",
            "settings": {
                "content_position": "middle",
                "_ob_glider_nav_pos_y_alt": "50% - 25px",
                "_ob_glider_nav_pos_x_prev_alt": "0%",
                "_ob_glider_nav_pos_x_next_alt": "0%",
                "structure": "20",
                "background_overlay_background": "classic",
                "background_overlay_image": {
                    "url": "https:\/\/demo.moxcreative.com\/craftmaya\/wp-content\/uploads\/sites\/63\/2021\/09\/bg_memphis.png",
                    "id": 49,
                    "alt": "",
                    "source": "library"
                },
                "background_overlay_position": "top center",
                "background_overlay_repeat": "no-repeat",
                "background_overlay_size": "cover",
                "background_overlay_opacity": {
                    "unit": "px",
                    "size": 1,
                    "sizes": []
                },
                "border_border": "solid",
                "border_width": {
                    "unit": "px",
                    "top": "1",
                    "right": "0",
                    "bottom": "0",
                    "left": "0",
                    "isLinked": false
                },
                "padding": {
                    "unit": "em",
                    "top": "5",
                    "right": "0",
                    "bottom": "0",
                    "left": "0",
                    "isLinked": false
                },
                "padding_mobile": {
                    "unit": "em",
                    "top": "0",
                    "right": "0",
                    "bottom": "0",
                    "left": "0",
                    "isLinked": false
                },
                "__globals__": {
                    "border_color": "globals\/colors?id=308e809"
                }
            },
            "elements": [
                {
                    "id": "22b0af84",
                    "settings": {
                        "_column_size": 50,
                        "_inline_size": 60,
                        "padding": {
                            "unit": "em",
                            "top": "3",
                            "right": "3",
                            "bottom": "3",
                            "left": "3",
                            "isLinked": true
                        },
                        "padding_mobile": {
                            "unit": "em",
                            "top": "2",
                            "right": "2",
                            "bottom": "2",
                            "left": "2",
                            "isLinked": true
                        }
                    },
                    "elements": [
                        {
                            "id": "5b68429a",
                            "settings": {
                                "title": "Blog",
                                "header_size": "h1",
                                "align_mobile": "center",
                                "_animation": "bounceInUp"
                            },
                            "elements": [],
                            "isInner": false,
                            "widgetType": "heading",
                            "elType": "widget"
                        },
                        {
                            "id": "23f3d715",
                            "settings": {
                                "title": "Add Your Heading Text Here",
                                "header_size": "h4",
                                "align_mobile": "center",
                                "_animation": "bounceInUp",
                                "_animation_delay": 240,
                                "__dynamic__": {
                                    "title": "[elementor-tag id=\"caf0847\" name=\"archive-title\" settings=\"%7B%7D\"]"
                                }
                            },
                            "elements": [],
                            "isInner": false,
                            "widgetType": "heading",
                            "elType": "widget"
                        }
                    ],
                    "isInner": false,
                    "elType": "column"
                },
                {
                    "id": "398868ac",
                    "settings": {
                        "_column_size": 50,
                        "_inline_size": 40,
                        "padding": {
                            "unit": "em",
                            "top": "",
                            "right": "",
                            "bottom": "",
                            "left": "",
                            "isLinked": true
                        },
                        "animation": "bounceInDown"
                    },
                    "elements": [
                        {
                            "id": "610d3e87",
                            "settings": {
                                "image": {
                                    "url": "https:\/\/demo.moxcreative.com\/craftmaya\/wp-content\/uploads\/sites\/63\/2021\/09\/Asset-11.png",
                                    "id": 98,
                                    "alt": "",
                                    "source": "library"
                                },
                                "image_size": "full",
                                "height": {
                                    "unit": "px",
                                    "size": 300,
                                    "sizes": []
                                },
                                "height_mobile": {
                                    "unit": "px",
                                    "size": 200,
                                    "sizes": []
                                },
                                "object-fit": "contain"
                            },
                            "elements": [],
                            "isInner": false,
                            "widgetType": "image",
                            "elType": "widget"
                        }
                    ],
                    "isInner": false,
                    "elType": "column"
                }
            ],
            "isInner": false,
            "elType": "section"
        },
        {
            "id": "2d8da726",
            "settings": {
                "_ob_glider_nav_pos_y_alt": "50% - 25px",
                "_ob_glider_nav_pos_x_prev_alt": "0%",
                "_ob_glider_nav_pos_x_next_alt": "0%",
                "padding": {
                    "unit": "em",
                    "top": "3",
                    "right": "0",
                    "bottom": "5",
                    "left": "0",
                    "isLinked": false
                },
                "padding_tablet": {
                    "unit": "em",
                    "top": "3",
                    "right": "1",
                    "bottom": "3",
                    "left": "1",
                    "isLinked": false
                },
                "padding_mobile": {
                    "unit": "em",
                    "top": "2",
                    "right": "1",
                    "bottom": "2",
                    "left": "1",
                    "isLinked": false
                },
                "animation": "fadeInUp"
            },
            "elements": [
                {
                    "id": "5e918a06",
                    "settings": {
                        "_column_size": 100,
                        "_inline_size": null
                    },
                    "elements": [
                        {
                            "id": "12da2a7e",
                            "settings": {
                                "_skin": "archive_cards",
                                "archive_classic_meta_separator": "\/",
                                "archive_classic_show_read_more": "",
                                "archive_classic_read_more_text": "Read More \u00bb",
                                "archive_cards_thumbnail_size_size": "full",
                                "archive_cards_item_ratio_mobile": {
                                    "unit": "px",
                                    "size": 0.66000000000000003108624468950438313186168670654296875,
                                    "sizes": []
                                },
                                "archive_cards_meta_data": [
                                    "author",
                                    "date"
                                ],
                                "archive_cards_meta_separator": "\u2022",
                                "archive_cards_show_read_more": "",
                                "archive_cards_read_more_text": "Read More \u00bb",
                                "archive_cards_show_avatar": "",
                                "archive_full_content_meta_separator": "\/\/\/",
                                "archive_cards_column_gap": {
                                    "unit": "px",
                                    "size": 20,
                                    "sizes": []
                                },
                                "archive_cards_row_gap": {
                                    "unit": "px",
                                    "size": 20,
                                    "sizes": []
                                },
                                "archive_cards_card_bg_color": "#FFFFFF",
                                "archive_cards_card_border_color": "#000000",
                                "archive_cards_card_border_width": {
                                    "unit": "px",
                                    "size": 1,
                                    "sizes": []
                                },
                                "archive_cards_card_border_radius": {
                                    "unit": "px",
                                    "size": 3,
                                    "sizes": []
                                },
                                "archive_cards_card_padding": {
                                    "unit": "px",
                                    "size": 20,
                                    "sizes": []
                                },
                                "archive_cards_box_shadow_box_shadow_type": "",
                                "archive_cards_meta_border_color": "#ECECEC",
                                "archive_cards_image_spacing": {
                                    "unit": "px",
                                    "size": 0,
                                    "sizes": []
                                },
                                "archive_cards_badge_bg_color": "#000000",
                                "archive_cards_badge_radius": {
                                    "unit": "px",
                                    "size": 3,
                                    "sizes": []
                                },
                                "archive_cards_badge_size": {
                                    "unit": "px",
                                    "size": 10,
                                    "sizes": []
                                },
                                "archive_cards_badge_margin": {
                                    "unit": "px",
                                    "size": 10,
                                    "sizes": []
                                },
                                "archive_cards_title_spacing": {
                                    "unit": "px",
                                    "size": 14,
                                    "sizes": []
                                },
                                "pagination_page_limit": "5",
                                "pagination_prev_label": "&laquo; Previous",
                                "pagination_next_label": "Next &raquo;",
                                "nothing_found_message": "It seems we can't find what you're looking for.",
                                "__globals__": {
                                    "archive_cards_card_bg_color": "globals\/colors?id=a291686",
                                    "archive_cards_card_border_color": "globals\/colors?id=a185853",
                                    "archive_cards_meta_border_color": "globals\/colors?id=308e809",
                                    "archive_cards_badge_bg_color": "globals\/colors?id=a185853",
                                    "archive_cards_badge_typography_typography": "globals\/typography?id=69c152f",
                                    "archive_cards_title_typography_typography": "globals\/typography?id=7044a64",
                                    "archive_cards_excerpt_typography_typography": "globals\/typography?id=b2ce6af",
                                    "archive_cards_meta_typography_typography": "globals\/typography?id=112b6c4",
                                    "archive_cards_meta_color": "globals\/colors?id=secondary"
                                },
                                "archive_cards_badge_typography_font_size": {
                                    "unit": "px",
                                    "size": 14,
                                    "sizes": []
                                },
                                "archive_cards_badge_typography_font_size_tablet": {
                                    "unit": "px",
                                    "size": 13,
                                    "sizes": []
                                },
                                "archive_cards_badge_typography_font_size_mobile": {
                                    "unit": "px",
                                    "size": 12,
                                    "sizes": []
                                }
                            },
                            "elements": [],
                            "isInner": false,
                            "widgetType": "archive-posts",
                            "elType": "widget"
                        }
                    ],
                    "isInner": false,
                    "elType": "column"
                }
            ],
            "isInner": false,
            "elType": "section"
        }
    ]
}