{
    "version": "0.4",
    "title": "FAQ",
    "type": "page",
    "metadata": {
        "template_type": "single-page",
        "include_in_zip": "1",
        "elementor_pro_required": "1",
        "wp_page_template": "elementor_header_footer"
    },
    "content": [
        {
            "id": "2e9a8836",
            "settings": {
                "content_position": "middle",
                "_ob_glider_nav_pos_y_alt": "50% - 25px",
                "_ob_glider_nav_pos_x_prev_alt": "0%",
                "_ob_glider_nav_pos_x_next_alt": "0%",
                "structure": "20",
                "background_overlay_background": "classic",
                "background_overlay_image": {
                    "url": "https:\/\/demo.moxcreative.com\/craftmaya\/wp-content\/uploads\/sites\/63\/2021\/09\/bg_memphis.png",
                    "id": 49,
                    "alt": "",
                    "source": "library"
                },
                "background_overlay_position": "top center",
                "background_overlay_repeat": "no-repeat",
                "background_overlay_size": "cover",
                "background_overlay_opacity": {
                    "unit": "px",
                    "size": 1,
                    "sizes": []
                },
                "border_border": "solid",
                "border_width": {
                    "unit": "px",
                    "top": "1",
                    "right": "0",
                    "bottom": "0",
                    "left": "0",
                    "isLinked": false
                },
                "padding": {
                    "unit": "em",
                    "top": "5",
                    "right": "0",
                    "bottom": "0",
                    "left": "0",
                    "isLinked": false
                },
                "padding_mobile": {
                    "unit": "em",
                    "top": "0",
                    "right": "0",
                    "bottom": "0",
                    "left": "0",
                    "isLinked": false
                },
                "__globals__": {
                    "border_color": "globals\/colors?id=308e809"
                }
            },
            "elements": [
                {
                    "id": "383b8842",
                    "settings": {
                        "_column_size": 50,
                        "_inline_size": 60,
                        "padding": {
                            "unit": "em",
                            "top": "3",
                            "right": "3",
                            "bottom": "3",
                            "left": "3",
                            "isLinked": true
                        },
                        "padding_mobile": {
                            "unit": "em",
                            "top": "2",
                            "right": "2",
                            "bottom": "2",
                            "left": "2",
                            "isLinked": true
                        }
                    },
                    "elements": [
                        {
                            "id": "5c0ab5c",
                            "settings": {
                                "title": "Blog",
                                "header_size": "h1",
                                "align_mobile": "center",
                                "_animation": "bounceInUp",
                                "__dynamic__": {
                                    "title": "[elementor-tag id=\"ba52096\" name=\"post-title\" settings=\"%7B%7D\"]"
                                }
                            },
                            "elements": [],
                            "isInner": false,
                            "widgetType": "heading",
                            "elType": "widget"
                        },
                        {
                            "id": "3c67f00d",
                            "settings": {
                                "title": "Facilisis adipiscing nam commodo tempor ex curabitur ante ultricies",
                                "header_size": "h4",
                                "align_mobile": "center",
                                "_animation": "bounceInUp",
                                "_animation_delay": 240,
                                "__dynamic__": []
                            },
                            "elements": [],
                            "isInner": false,
                            "widgetType": "heading",
                            "elType": "widget"
                        }
                    ],
                    "isInner": false,
                    "elType": "column"
                },
                {
                    "id": "7690aa02",
                    "settings": {
                        "_column_size": 50,
                        "_inline_size": 40,
                        "padding": {
                            "unit": "em",
                            "top": "",
                            "right": "",
                            "bottom": "",
                            "left": "",
                            "isLinked": true
                        },
                        "animation": "bounceInDown"
                    },
                    "elements": [
                        {
                            "id": "64e83144",
                            "settings": {
                                "image": {
                                    "url": "https:\/\/demo.moxcreative.com\/craftmaya\/wp-content\/uploads\/sites\/63\/2021\/09\/Asset-41-1.png",
                                    "id": 175,
                                    "alt": "",
                                    "source": "library"
                                },
                                "image_size": "full",
                                "height": {
                                    "unit": "px",
                                    "size": 300,
                                    "sizes": []
                                },
                                "height_mobile": {
                                    "unit": "px",
                                    "size": 200,
                                    "sizes": []
                                },
                                "object-fit": "contain"
                            },
                            "elements": [],
                            "isInner": false,
                            "widgetType": "image",
                            "elType": "widget"
                        }
                    ],
                    "isInner": false,
                    "elType": "column"
                }
            ],
            "isInner": false,
            "elType": "section"
        },
        {
            "id": "17618e65",
            "settings": {
                "content_width": {
                    "unit": "px",
                    "size": 840,
                    "sizes": []
                },
                "_ob_glider_nav_pos_y_alt": "50% - 25px",
                "_ob_glider_nav_pos_x_prev_alt": "0%",
                "_ob_glider_nav_pos_x_next_alt": "0%",
                "padding": {
                    "unit": "em",
                    "top": "5",
                    "right": "0",
                    "bottom": "5",
                    "left": "0",
                    "isLinked": false
                },
                "padding_tablet": {
                    "unit": "em",
                    "top": "0",
                    "right": "0",
                    "bottom": "0",
                    "left": "0",
                    "isLinked": false
                },
                "padding_mobile": {
                    "unit": "em",
                    "top": "0",
                    "right": "0",
                    "bottom": "0",
                    "left": "0",
                    "isLinked": false
                },
                "animation": "fadeInUp"
            },
            "elements": [
                {
                    "id": "17fe661d",
                    "settings": {
                        "_column_size": 100,
                        "_inline_size": null,
                        "padding": {
                            "unit": "em",
                            "top": "2",
                            "right": "2",
                            "bottom": "2",
                            "left": "2",
                            "isLinked": true
                        }
                    },
                    "elements": [
                        {
                            "id": "423bae06",
                            "settings": {
                                "title": "How can we help?",
                                "align": "center"
                            },
                            "elements": [],
                            "isInner": false,
                            "widgetType": "heading",
                            "elType": "widget"
                        },
                        {
                            "id": "74a79233",
                            "settings": {
                                "editor": "<p>Lorem ipsum dolor sit amet, consectetur adipiscing elit.\u00a0<\/p>",
                                "align": "center"
                            },
                            "elements": [],
                            "isInner": false,
                            "widgetType": "text-editor",
                            "elType": "widget"
                        },
                        {
                            "id": "564e4bea",
                            "settings": {
                                "search_query": "0",
                                "placeholder": "Search...",
                                "search_icon": "",
                                "search_button": "yes",
                                "button_text": "Search",
                                "button_position": {
                                    "unit": "px",
                                    "size": 0,
                                    "sizes": []
                                },
                                "icon_spacing": {
                                    "unit": "px",
                                    "size": 28,
                                    "sizes": []
                                },
                                "search_container_background": "#FFFFFF",
                                "search_container_padding": {
                                    "unit": "px",
                                    "top": "0",
                                    "right": "0",
                                    "bottom": "0",
                                    "left": "0",
                                    "isLinked": true
                                },
                                "search_container_radius": {
                                    "unit": "px",
                                    "top": "3",
                                    "right": "3",
                                    "bottom": "3",
                                    "left": "3",
                                    "isLinked": true
                                },
                                "input_typography_typography": "custom",
                                "input_typography_font_family": "Arimo",
                                "input_typography_font_size": {
                                    "unit": "px",
                                    "size": 16,
                                    "sizes": []
                                },
                                "input_typography_font_size_tablet": {
                                    "unit": "px",
                                    "size": 15,
                                    "sizes": []
                                },
                                "input_typography_font_size_mobile": {
                                    "unit": "px",
                                    "size": 14,
                                    "sizes": []
                                },
                                "input_typography_line_height": {
                                    "unit": "em",
                                    "size": 1.5,
                                    "sizes": []
                                },
                                "input_padding": {
                                    "unit": "px",
                                    "top": "17",
                                    "right": "17",
                                    "bottom": "17",
                                    "left": "17",
                                    "isLinked": true
                                },
                                "search_button_text_color": "#FFFFFF",
                                "search_button_background_background": "classic",
                                "search_button_background_color": "#000000",
                                "search_button_border_border": "solid",
                                "search_button_border_width": {
                                    "unit": "px",
                                    "top": "0",
                                    "right": "0",
                                    "bottom": "0",
                                    "left": "0",
                                    "isLinked": true
                                },
                                "search_button_radius": {
                                    "unit": "px",
                                    "top": "0",
                                    "right": "3",
                                    "bottom": "3",
                                    "left": "0",
                                    "isLinked": false
                                },
                                "search_button_padding": {
                                    "unit": "px",
                                    "top": "17",
                                    "right": "25",
                                    "bottom": "17",
                                    "left": "25",
                                    "isLinked": false
                                },
                                "search_button_hover_text_color": "#191919",
                                "search_button_hover_background_background": "classic",
                                "search_button_hover_background_color": "#7A7A7A",
                                "__globals__": {
                                    "search_container_background": "globals\/colors?id=a291686",
                                    "search_button_text_color": "globals\/colors?id=a291686",
                                    "search_button_typography_typography": "globals\/typography?id=520c191",
                                    "search_button_background_color": "globals\/colors?id=a185853",
                                    "input_typography_typography": "globals\/typography?id=b2ce6af",
                                    "search_button_hover_text_color": "globals\/colors?id=dea41e4",
                                    "search_button_hover_background_color": "globals\/colors?id=text"
                                }
                            },
                            "elements": [],
                            "isInner": false,
                            "widgetType": "bdt-search",
                            "elType": "widget"
                        }
                    ],
                    "isInner": false,
                    "elType": "column"
                }
            ],
            "isInner": false,
            "elType": "section"
        },
        {
            "id": "11a0e06a",
            "settings": {
                "_ob_glider_nav_pos_y_alt": "50% - 25px",
                "_ob_glider_nav_pos_x_prev_alt": "0%",
                "_ob_glider_nav_pos_x_next_alt": "0%",
                "background_background": "classic",
                "padding": {
                    "unit": "em",
                    "top": "5",
                    "right": "0",
                    "bottom": "5",
                    "left": "0",
                    "isLinked": false
                },
                "__globals__": {
                    "background_color": ""
                },
                "padding_tablet": {
                    "unit": "em",
                    "top": "0",
                    "right": "0",
                    "bottom": "0",
                    "left": "0",
                    "isLinked": false
                },
                "padding_mobile": {
                    "unit": "em",
                    "top": "0",
                    "right": "0",
                    "bottom": "0",
                    "left": "0",
                    "isLinked": false
                }
            },
            "elements": [
                {
                    "id": "54e8cd46",
                    "settings": {
                        "_column_size": 100,
                        "_inline_size": null
                    },
                    "elements": [
                        {
                            "id": "b1e4274",
                            "settings": {
                                "title": "FAQ",
                                "header_size": "h6",
                                "align": "center",
                                "_animation": "fadeInUp"
                            },
                            "elements": [],
                            "isInner": false,
                            "widgetType": "heading",
                            "elType": "widget"
                        },
                        {
                            "id": "20260ad5",
                            "settings": {
                                "title": "Frequently Ask Questions",
                                "align": "center",
                                "_animation": "fadeInUp"
                            },
                            "elements": [],
                            "isInner": false,
                            "widgetType": "heading",
                            "elType": "widget"
                        },
                        {
                            "id": "7accb1d0",
                            "settings": {
                                "editor": "<p>Lorem ipsum dolor sit amet, consectetur adipiscing elit.\u00a0<\/p>",
                                "align": "center",
                                "_animation": "fadeInDown"
                            },
                            "elements": [],
                            "isInner": false,
                            "widgetType": "text-editor",
                            "elType": "widget"
                        },
                        {
                            "id": "455b5470",
                            "settings": {
                                "_ob_bbad_inner_width": "100%",
                                "_ob_glider_nav_pos_y_alt": "50% - 25px",
                                "_ob_glider_nav_pos_x_prev_alt": "0%",
                                "_ob_glider_nav_pos_x_next_alt": "0%",
                                "structure": "20",
                                "margin": {
                                    "unit": "em",
                                    "top": "2",
                                    "right": 0,
                                    "bottom": "2",
                                    "left": 0,
                                    "isLinked": true
                                },
                                "padding": {
                                    "unit": "em",
                                    "top": "",
                                    "right": "",
                                    "bottom": "",
                                    "left": "",
                                    "isLinked": true
                                }
                            },
                            "elements": [
                                {
                                    "id": "42958363",
                                    "settings": {
                                        "_column_size": 50,
                                        "_inline_size": null,
                                        "padding": {
                                            "unit": "em",
                                            "top": "2",
                                            "right": "2",
                                            "bottom": "2",
                                            "left": "2",
                                            "isLinked": true
                                        },
                                        "padding_mobile": {
                                            "unit": "em",
                                            "top": "1",
                                            "right": "1",
                                            "bottom": "1",
                                            "left": "1",
                                            "isLinked": true
                                        },
                                        "animation": "fadeInLeft"
                                    },
                                    "elements": [
                                        {
                                            "id": "17d78da5",
                                            "settings": {
                                                "title": "Global Questions",
                                                "header_size": "h3"
                                            },
                                            "elements": [],
                                            "isInner": false,
                                            "widgetType": "heading",
                                            "elType": "widget"
                                        },
                                        {
                                            "id": "32975310",
                                            "settings": {
                                                "editor": "<p>Lorem ipsum dolor sit amet, consectetur adipiscing elit.\u00a0<\/p>"
                                            },
                                            "elements": [],
                                            "isInner": false,
                                            "widgetType": "text-editor",
                                            "elType": "widget"
                                        },
                                        {
                                            "id": "55512e72",
                                            "settings": {
                                                "ekit_accordion_items": [
                                                    {
                                                        "acc_title": "Risus convallis viverra natoque vestibulum laoreet?",
                                                        "acc_content": "<p>Donec libero amet nulla elit dolor viverra facilisi. Montes vehicula magna malesuada cubilia morbi mus ornare quisque. Condimentum eget venenatis nascetur vitae vel convallis mattis pharetra eu a porta.<\/p>",
                                                        "ekit_acc_is_active": "yes",
                                                        "_id": "85aa73d"
                                                    },
                                                    {
                                                        "acc_title": "Pellentesque cubilia blandit libero hac porttitor?",
                                                        "acc_content": "<p>Donec libero amet nulla elit dolor viverra facilisi. Montes vehicula magna malesuada cubilia morbi mus ornare quisque. Condimentum eget venenatis nascetur vitae vel convallis mattis pharetra eu a porta.<\/p>",
                                                        "ekit_acc_is_active": "",
                                                        "_id": "07f8b5c"
                                                    },
                                                    {
                                                        "acc_title": "Inceptos tincidunt nisl massa blandit?",
                                                        "acc_content": "<p>Donec libero amet nulla elit dolor viverra facilisi. Montes vehicula magna malesuada cubilia morbi mus ornare quisque. Condimentum eget venenatis nascetur vitae vel convallis mattis pharetra eu a porta.<\/p>",
                                                        "ekit_acc_is_active": "",
                                                        "_id": "73413b2"
                                                    },
                                                    {
                                                        "acc_title": "Efficitur tortor convallis maecenas volutpat?",
                                                        "acc_content": "<p>Donec libero amet nulla elit dolor viverra facilisi. Montes vehicula magna malesuada cubilia morbi mus ornare quisque. Condimentum eget venenatis nascetur vitae vel convallis mattis pharetra eu a porta.<\/p>",
                                                        "ekit_acc_is_active": "",
                                                        "_id": "a474b7a"
                                                    },
                                                    {
                                                        "acc_title": "Ac primis montes metus nibh si laoreet cubilia?",
                                                        "acc_content": "<p>Donec libero amet nulla elit dolor viverra facilisi. Montes vehicula magna malesuada cubilia morbi mus ornare quisque. Condimentum eget venenatis nascetur vitae vel convallis mattis pharetra eu a porta.<\/p>",
                                                        "ekit_acc_is_active": "",
                                                        "_id": "9131bc8"
                                                    }
                                                ],
                                                "ekit_accordion_title_typography_typography": "custom",
                                                "ekit_accordion_title_typography_font_family": "Arimo",
                                                "ekit_accordion_title_typography_font_size": {
                                                    "unit": "px",
                                                    "size": 18,
                                                    "sizes": []
                                                },
                                                "ekit_accordion_title_typography_font_size_tablet": {
                                                    "unit": "px",
                                                    "size": 16,
                                                    "sizes": []
                                                },
                                                "ekit_accordion_title_typography_font_size_mobile": {
                                                    "unit": "px",
                                                    "size": 14,
                                                    "sizes": []
                                                },
                                                "ekit_accordion_title_typography_font_weight": "600",
                                                "ekit_accordion_title_typography_line_height": {
                                                    "unit": "em",
                                                    "size": 1.1999999999999999555910790149937383830547332763671875,
                                                    "sizes": []
                                                },
                                                "ekit_accordion_title_color": "#FFFFFF",
                                                "ekit_accordion_background_background": "classic",
                                                "ekit_accordion_background_color": "#000000",
                                                "ekit_accordion_title_border_open_border": "solid",
                                                "ekit_accordion_title_border_open_width": {
                                                    "unit": "px",
                                                    "top": "1",
                                                    "right": "1",
                                                    "bottom": "1",
                                                    "left": "1",
                                                    "isLinked": true
                                                },
                                                "ekit_accordion_title_border_open_color": "#000000",
                                                "ekit_accordion_border_radious_curve_shape_open": {
                                                    "unit": "px",
                                                    "top": "3",
                                                    "right": "3",
                                                    "bottom": "0",
                                                    "left": "0",
                                                    "isLinked": false
                                                },
                                                "ekit_accordion_title_color_close": "#191919",
                                                "ekit_accordion_background_close_background": "classic",
                                                "ekit_accordion_background_close_color": "#FFFFFF",
                                                "ekit_accordion_title_border_close_border": "solid",
                                                "ekit_accordion_title_border_close_width": {
                                                    "unit": "px",
                                                    "top": "1",
                                                    "right": "1",
                                                    "bottom": "1",
                                                    "left": "1",
                                                    "isLinked": true
                                                },
                                                "ekit_accordion_title_border_close_color": "#00000000",
                                                "ekit_accordion_border_radious_close": {
                                                    "unit": "px",
                                                    "top": "3",
                                                    "right": "3",
                                                    "bottom": "3",
                                                    "left": "3",
                                                    "isLinked": true
                                                },
                                                "ekit_accordion_title_padding": {
                                                    "unit": "px",
                                                    "top": "25",
                                                    "right": "25",
                                                    "bottom": "25",
                                                    "left": "25",
                                                    "isLinked": true
                                                },
                                                "ekit_accordion_content_color": "#54595F",
                                                "ekit_accordion_content_typography_typography": "custom",
                                                "ekit_accordion_content_typography_font_family": "Arimo",
                                                "ekit_accordion_content_typography_font_size": {
                                                    "unit": "px",
                                                    "size": 16,
                                                    "sizes": []
                                                },
                                                "ekit_accordion_content_typography_font_size_tablet": {
                                                    "unit": "px",
                                                    "size": 15,
                                                    "sizes": []
                                                },
                                                "ekit_accordion_content_typography_font_size_mobile": {
                                                    "unit": "px",
                                                    "size": 14,
                                                    "sizes": []
                                                },
                                                "ekit_accordion_content_typography_line_height": {
                                                    "unit": "em",
                                                    "size": 1.5,
                                                    "sizes": []
                                                },
                                                "ekit_accordion_content_border_radious": {
                                                    "unit": "px",
                                                    "top": "0",
                                                    "right": "0",
                                                    "bottom": "3",
                                                    "left": "3",
                                                    "isLinked": false
                                                },
                                                "ekit_accordion_content_padding": {
                                                    "unit": "px",
                                                    "top": "25",
                                                    "right": "25",
                                                    "bottom": "25",
                                                    "left": "25",
                                                    "isLinked": true
                                                },
                                                "ekit_accordion_border_open_border": "solid",
                                                "ekit_accordion_border_open_width": {
                                                    "unit": "px",
                                                    "top": "1",
                                                    "right": "1",
                                                    "bottom": "1",
                                                    "left": "1",
                                                    "isLinked": true
                                                },
                                                "ekit_accordion_border_open_color": "#000000",
                                                "ekit_accordion_border_radious_open": {
                                                    "unit": "px",
                                                    "top": "3",
                                                    "right": "3",
                                                    "bottom": "3",
                                                    "left": "3",
                                                    "isLinked": true
                                                },
                                                "__globals__": {
                                                    "ekit_accordion_title_typography_typography": "globals\/typography?id=7044a64",
                                                    "ekit_accordion_title_color": "globals\/colors?id=a291686",
                                                    "ekit_accordion_background_color": "globals\/colors?id=a185853",
                                                    "ekit_accordion_title_border_open_color": "globals\/colors?id=a185853",
                                                    "ekit_accordion_content_typography_typography": "globals\/typography?id=b2ce6af",
                                                    "ekit_accordion_content_color": "globals\/colors?id=secondary",
                                                    "ekit_accordion_border_open_color": "globals\/colors?id=a185853",
                                                    "ekit_accordion_title_color_close": "globals\/colors?id=dea41e4",
                                                    "ekit_accordion_background_close_color": "globals\/colors?id=a291686",
                                                    "ekit_accordion_title_border_close_color": ""
                                                }
                                            },
                                            "elements": [],
                                            "isInner": false,
                                            "widgetType": "elementskit-accordion",
                                            "elType": "widget"
                                        }
                                    ],
                                    "isInner": true,
                                    "elType": "column"
                                },
                                {
                                    "id": "52200a35",
                                    "settings": {
                                        "_column_size": 50,
                                        "_inline_size": null,
                                        "padding": {
                                            "unit": "em",
                                            "top": "2",
                                            "right": "2",
                                            "bottom": "2",
                                            "left": "2",
                                            "isLinked": true
                                        },
                                        "padding_mobile": {
                                            "unit": "em",
                                            "top": "1",
                                            "right": "1",
                                            "bottom": "1",
                                            "left": "1",
                                            "isLinked": true
                                        },
                                        "animation": "fadeInRight"
                                    },
                                    "elements": [
                                        {
                                            "id": "7d01c6fa",
                                            "settings": {
                                                "title": "Payment Questions",
                                                "header_size": "h3"
                                            },
                                            "elements": [],
                                            "isInner": false,
                                            "widgetType": "heading",
                                            "elType": "widget"
                                        },
                                        {
                                            "id": "1c03ed56",
                                            "settings": {
                                                "editor": "<p>Lorem ipsum dolor sit amet, consectetur adipiscing elit.\u00a0<\/p>"
                                            },
                                            "elements": [],
                                            "isInner": false,
                                            "widgetType": "text-editor",
                                            "elType": "widget"
                                        },
                                        {
                                            "id": "593c61fb",
                                            "settings": {
                                                "ekit_accordion_items": [
                                                    {
                                                        "acc_title": "Risus convallis viverra natoque vestibulum laoreet?",
                                                        "acc_content": "<p>Donec libero amet nulla elit dolor viverra facilisi. Montes vehicula magna malesuada cubilia morbi mus ornare quisque. Condimentum eget venenatis nascetur vitae vel convallis mattis pharetra eu a porta.<\/p>",
                                                        "ekit_acc_is_active": "yes",
                                                        "_id": "85aa73d"
                                                    },
                                                    {
                                                        "acc_title": "Pellentesque cubilia blandit libero hac porttitor?",
                                                        "acc_content": "<p>Donec libero amet nulla elit dolor viverra facilisi. Montes vehicula magna malesuada cubilia morbi mus ornare quisque. Condimentum eget venenatis nascetur vitae vel convallis mattis pharetra eu a porta.<\/p>",
                                                        "ekit_acc_is_active": "",
                                                        "_id": "07f8b5c"
                                                    },
                                                    {
                                                        "acc_title": "Inceptos tincidunt nisl massa blandit?",
                                                        "acc_content": "<p>Donec libero amet nulla elit dolor viverra facilisi. Montes vehicula magna malesuada cubilia morbi mus ornare quisque. Condimentum eget venenatis nascetur vitae vel convallis mattis pharetra eu a porta.<\/p>",
                                                        "ekit_acc_is_active": "",
                                                        "_id": "73413b2"
                                                    },
                                                    {
                                                        "acc_title": "Efficitur tortor convallis maecenas volutpat?",
                                                        "acc_content": "<p>Donec libero amet nulla elit dolor viverra facilisi. Montes vehicula magna malesuada cubilia morbi mus ornare quisque. Condimentum eget venenatis nascetur vitae vel convallis mattis pharetra eu a porta.<\/p>",
                                                        "ekit_acc_is_active": "",
                                                        "_id": "a474b7a"
                                                    },
                                                    {
                                                        "acc_title": "Ac primis montes metus nibh si laoreet cubilia?",
                                                        "acc_content": "<p>Donec libero amet nulla elit dolor viverra facilisi. Montes vehicula magna malesuada cubilia morbi mus ornare quisque. Condimentum eget venenatis nascetur vitae vel convallis mattis pharetra eu a porta.<\/p>",
                                                        "ekit_acc_is_active": "",
                                                        "_id": "9131bc8"
                                                    }
                                                ],
                                                "ekit_accordion_title_typography_typography": "custom",
                                                "ekit_accordion_title_typography_font_family": "Arimo",
                                                "ekit_accordion_title_typography_font_size": {
                                                    "unit": "px",
                                                    "size": 18,
                                                    "sizes": []
                                                },
                                                "ekit_accordion_title_typography_font_size_tablet": {
                                                    "unit": "px",
                                                    "size": 16,
                                                    "sizes": []
                                                },
                                                "ekit_accordion_title_typography_font_size_mobile": {
                                                    "unit": "px",
                                                    "size": 14,
                                                    "sizes": []
                                                },
                                                "ekit_accordion_title_typography_font_weight": "600",
                                                "ekit_accordion_title_typography_line_height": {
                                                    "unit": "em",
                                                    "size": 1.1999999999999999555910790149937383830547332763671875,
                                                    "sizes": []
                                                },
                                                "ekit_accordion_title_color": "#FFFFFF",
                                                "ekit_accordion_background_background": "classic",
                                                "ekit_accordion_background_color": "#000000",
                                                "ekit_accordion_title_border_open_border": "solid",
                                                "ekit_accordion_title_border_open_width": {
                                                    "unit": "px",
                                                    "top": "1",
                                                    "right": "1",
                                                    "bottom": "1",
                                                    "left": "1",
                                                    "isLinked": true
                                                },
                                                "ekit_accordion_title_border_open_color": "#000000",
                                                "ekit_accordion_border_radious_curve_shape_open": {
                                                    "unit": "px",
                                                    "top": "3",
                                                    "right": "3",
                                                    "bottom": "0",
                                                    "left": "0",
                                                    "isLinked": false
                                                },
                                                "ekit_accordion_title_color_close": "#191919",
                                                "ekit_accordion_background_close_background": "classic",
                                                "ekit_accordion_background_close_color": "#FFFFFF",
                                                "ekit_accordion_title_border_close_border": "solid",
                                                "ekit_accordion_title_border_close_width": {
                                                    "unit": "px",
                                                    "top": "1",
                                                    "right": "1",
                                                    "bottom": "1",
                                                    "left": "1",
                                                    "isLinked": true
                                                },
                                                "ekit_accordion_title_border_close_color": "#00000000",
                                                "ekit_accordion_border_radious_close": {
                                                    "unit": "px",
                                                    "top": "3",
                                                    "right": "3",
                                                    "bottom": "3",
                                                    "left": "3",
                                                    "isLinked": true
                                                },
                                                "ekit_accordion_title_padding": {
                                                    "unit": "px",
                                                    "top": "25",
                                                    "right": "25",
                                                    "bottom": "25",
                                                    "left": "25",
                                                    "isLinked": true
                                                },
                                                "ekit_accordion_content_color": "#54595F",
                                                "ekit_accordion_content_typography_typography": "custom",
                                                "ekit_accordion_content_typography_font_family": "Arimo",
                                                "ekit_accordion_content_typography_font_size": {
                                                    "unit": "px",
                                                    "size": 16,
                                                    "sizes": []
                                                },
                                                "ekit_accordion_content_typography_font_size_tablet": {
                                                    "unit": "px",
                                                    "size": 15,
                                                    "sizes": []
                                                },
                                                "ekit_accordion_content_typography_font_size_mobile": {
                                                    "unit": "px",
                                                    "size": 14,
                                                    "sizes": []
                                                },
                                                "ekit_accordion_content_typography_line_height": {
                                                    "unit": "em",
                                                    "size": 1.5,
                                                    "sizes": []
                                                },
                                                "ekit_accordion_content_border_radious": {
                                                    "unit": "px",
                                                    "top": "0",
                                                    "right": "0",
                                                    "bottom": "3",
                                                    "left": "3",
                                                    "isLinked": false
                                                },
                                                "ekit_accordion_content_padding": {
                                                    "unit": "px",
                                                    "top": "25",
                                                    "right": "25",
                                                    "bottom": "25",
                                                    "left": "25",
                                                    "isLinked": true
                                                },
                                                "ekit_accordion_border_open_border": "solid",
                                                "ekit_accordion_border_open_width": {
                                                    "unit": "px",
                                                    "top": "1",
                                                    "right": "1",
                                                    "bottom": "1",
                                                    "left": "1",
                                                    "isLinked": true
                                                },
                                                "ekit_accordion_border_open_color": "#000000",
                                                "ekit_accordion_border_radious_open": {
                                                    "unit": "px",
                                                    "top": "3",
                                                    "right": "3",
                                                    "bottom": "3",
                                                    "left": "3",
                                                    "isLinked": true
                                                },
                                                "__globals__": {
                                                    "ekit_accordion_title_typography_typography": "globals\/typography?id=7044a64",
                                                    "ekit_accordion_title_color": "globals\/colors?id=a291686",
                                                    "ekit_accordion_background_color": "globals\/colors?id=a185853",
                                                    "ekit_accordion_title_border_open_color": "globals\/colors?id=a185853",
                                                    "ekit_accordion_content_typography_typography": "globals\/typography?id=b2ce6af",
                                                    "ekit_accordion_content_color": "globals\/colors?id=secondary",
                                                    "ekit_accordion_border_open_color": "globals\/colors?id=a185853",
                                                    "ekit_accordion_title_color_close": "globals\/colors?id=dea41e4",
                                                    "ekit_accordion_background_close_color": "globals\/colors?id=a291686",
                                                    "ekit_accordion_title_border_close_color": ""
                                                }
                                            },
                                            "elements": [],
                                            "isInner": false,
                                            "widgetType": "elementskit-accordion",
                                            "elType": "widget"
                                        }
                                    ],
                                    "isInner": true,
                                    "elType": "column"
                                }
                            ],
                            "isInner": true,
                            "elType": "section"
                        }
                    ],
                    "isInner": false,
                    "elType": "column"
                }
            ],
            "isInner": false,
            "elType": "section"
        },
        {
            "id": "59422c15",
            "settings": {
                "_ob_glider_nav_pos_y_alt": "50% - 25px",
                "_ob_glider_nav_pos_x_prev_alt": "0%",
                "_ob_glider_nav_pos_x_next_alt": "0%",
                "background_background": "classic",
                "padding": {
                    "unit": "em",
                    "top": "5",
                    "right": "0",
                    "bottom": "5",
                    "left": "0",
                    "isLinked": false
                },
                "__globals__": {
                    "background_color": "globals\/colors?id=308e809"
                },
                "animation": "fadeInUp"
            },
            "elements": [
                {
                    "id": "7ff0e2ea",
                    "settings": {
                        "_column_size": 100,
                        "_inline_size": null,
                        "padding_mobile": {
                            "unit": "em",
                            "top": "2",
                            "right": "2",
                            "bottom": "2",
                            "left": "2",
                            "isLinked": true
                        }
                    },
                    "elements": [
                        {
                            "id": "68251156",
                            "settings": {
                                "title": "Didn't find the answer?",
                                "align": "center"
                            },
                            "elements": [],
                            "isInner": false,
                            "widgetType": "heading",
                            "elType": "widget"
                        },
                        {
                            "id": "3bbd1296",
                            "settings": {
                                "align": "center"
                            },
                            "elements": [],
                            "isInner": false,
                            "widgetType": "text-editor",
                            "elType": "widget"
                        },
                        {
                            "id": "373c4706",
                            "settings": {
                                "text": "Contact Us",
                                "align": "center",
                                "size": "md"
                            },
                            "elements": [],
                            "isInner": false,
                            "widgetType": "button",
                            "elType": "widget"
                        }
                    ],
                    "isInner": false,
                    "elType": "column"
                }
            ],
            "isInner": false,
            "elType": "section"
        },
        {
            "id": "2be14d7c",
            "settings": {
                "_ob_glider_nav_pos_y_alt": "50% - 25px",
                "_ob_glider_nav_pos_x_prev_alt": "0%",
                "_ob_glider_nav_pos_x_next_alt": "0%",
                "padding": {
                    "unit": "em",
                    "top": "5",
                    "right": "0",
                    "bottom": "5",
                    "left": "0",
                    "isLinked": false
                },
                "padding_tablet": {
                    "unit": "em",
                    "top": "3",
                    "right": "0",
                    "bottom": "3",
                    "left": "0",
                    "isLinked": false
                },
                "padding_mobile": {
                    "unit": "em",
                    "top": "2",
                    "right": "0",
                    "bottom": "2",
                    "left": "0",
                    "isLinked": false
                }
            },
            "elements": [
                {
                    "id": "1f94ffdb",
                    "settings": {
                        "_column_size": 100,
                        "_inline_size": null,
                        "padding_tablet": {
                            "unit": "em",
                            "top": "2",
                            "right": "2",
                            "bottom": "2",
                            "left": "2",
                            "isLinked": true
                        }
                    },
                    "elements": [
                        {
                            "id": "1ac2d6e0",
                            "settings": {
                                "content_position": "middle",
                                "_ob_bbad_inner_width": "100%",
                                "_ob_glider_nav_pos_y_alt": "50% - 25px",
                                "_ob_glider_nav_pos_x_prev_alt": "0%",
                                "_ob_glider_nav_pos_x_next_alt": "0%",
                                "structure": "20",
                                "animation": "fadeInUp"
                            },
                            "elements": [
                                {
                                    "id": "54da0ed",
                                    "settings": {
                                        "_column_size": 50,
                                        "_inline_size": null,
                                        "_inline_size_mobile": 50,
                                        "space_between_widgets": 10,
                                        "padding": {
                                            "unit": "em",
                                            "top": "2",
                                            "right": "2",
                                            "bottom": "2",
                                            "left": "2",
                                            "isLinked": true
                                        },
                                        "padding_tablet": {
                                            "unit": "em",
                                            "top": "1",
                                            "right": "1",
                                            "bottom": "1",
                                            "left": "1",
                                            "isLinked": true
                                        },
                                        "padding_mobile": {
                                            "unit": "em",
                                            "top": "1",
                                            "right": "1",
                                            "bottom": "1",
                                            "left": "1",
                                            "isLinked": true
                                        }
                                    },
                                    "elements": [
                                        {
                                            "id": "21962348",
                                            "settings": {
                                                "title": "Latest post",
                                                "header_size": "h6"
                                            },
                                            "elements": [],
                                            "isInner": false,
                                            "widgetType": "heading",
                                            "elType": "widget"
                                        },
                                        {
                                            "id": "9b18e62",
                                            "settings": {
                                                "title": "Insight",
                                                "header_size": "h3"
                                            },
                                            "elements": [],
                                            "isInner": false,
                                            "widgetType": "heading",
                                            "elType": "widget"
                                        }
                                    ],
                                    "isInner": true,
                                    "elType": "column"
                                },
                                {
                                    "id": "391fde92",
                                    "settings": {
                                        "_column_size": 50,
                                        "_inline_size": null,
                                        "_inline_size_mobile": 50,
                                        "padding": {
                                            "unit": "em",
                                            "top": "2",
                                            "right": "2",
                                            "bottom": "2",
                                            "left": "2",
                                            "isLinked": true
                                        },
                                        "padding_tablet": {
                                            "unit": "em",
                                            "top": "1",
                                            "right": "1",
                                            "bottom": "1",
                                            "left": "1",
                                            "isLinked": true
                                        },
                                        "padding_mobile": {
                                            "unit": "em",
                                            "top": "1",
                                            "right": "1",
                                            "bottom": "1",
                                            "left": "1",
                                            "isLinked": true
                                        }
                                    },
                                    "elements": [
                                        {
                                            "id": "f0a4ab9",
                                            "settings": {
                                                "text": "More article",
                                                "align": "right"
                                            },
                                            "elements": [],
                                            "isInner": false,
                                            "widgetType": "button",
                                            "elType": "widget"
                                        }
                                    ],
                                    "isInner": true,
                                    "elType": "column"
                                }
                            ],
                            "isInner": true,
                            "elType": "section"
                        },
                        {
                            "id": "2788de12",
                            "settings": {
                                "classic_columns": "4",
                                "classic_posts_per_page": 4,
                                "classic_thumbnail_size_size": "full",
                                "classic_item_ratio_mobile": {
                                    "unit": "px",
                                    "size": 0.66000000000000003108624468950438313186168670654296875,
                                    "sizes": []
                                },
                                "classic_meta_data": [
                                    "author",
                                    "date"
                                ],
                                "classic_meta_separator": "\/",
                                "classic_show_read_more": "",
                                "classic_read_more_text": "Read More \u00bb",
                                "cards_meta_separator": "\u2022",
                                "cards_read_more_text": "Read More \u00bb",
                                "full_content_meta_separator": "\/\/\/",
                                "classic_column_gap": {
                                    "unit": "px",
                                    "size": 20,
                                    "sizes": []
                                },
                                "classic_row_gap": {
                                    "unit": "px",
                                    "size": 20,
                                    "sizes": []
                                },
                                "classic_box_border_width": {
                                    "unit": "px",
                                    "top": "1",
                                    "right": "1",
                                    "bottom": "1",
                                    "left": "1",
                                    "isLinked": true
                                },
                                "classic_box_border_radius": {
                                    "unit": "px",
                                    "size": 3,
                                    "sizes": []
                                },
                                "classic_content_padding": {
                                    "unit": "px",
                                    "top": "25",
                                    "right": "25",
                                    "bottom": "25",
                                    "left": "25",
                                    "isLinked": true
                                },
                                "classic_img_border_radius": {
                                    "unit": "px",
                                    "top": "3",
                                    "right": "3",
                                    "bottom": "0",
                                    "left": "0",
                                    "isLinked": false
                                },
                                "classic_image_spacing": {
                                    "unit": "px",
                                    "size": 0,
                                    "sizes": []
                                },
                                "classic_title_spacing": {
                                    "unit": "px",
                                    "size": 14,
                                    "sizes": []
                                },
                                "classic_meta_spacing": {
                                    "unit": "px",
                                    "size": 14,
                                    "sizes": []
                                },
                                "pagination_page_limit": "5",
                                "pagination_prev_label": "&laquo; Previous",
                                "pagination_next_label": "Next &raquo;",
                                "_animation": "fadeInUp",
                                "__globals__": {
                                    "classic_title_typography_typography": "globals\/typography?id=7044a64",
                                    "classic_meta_typography_typography": "globals\/typography?id=112b6c4",
                                    "classic_meta_color": "globals\/colors?id=secondary",
                                    "classic_excerpt_typography_typography": "globals\/typography?id=b2ce6af"
                                }
                            },
                            "elements": [],
                            "isInner": false,
                            "widgetType": "posts",
                            "elType": "widget"
                        }
                    ],
                    "isInner": false,
                    "elType": "column"
                }
            ],
            "isInner": false,
            "elType": "section"
        }
    ],
    "page_settings": {
        "eael_ext_toc_title": "Table of Contents",
        "template": "elementor_header_footer"
    }
}