{
    "version": "0.4",
    "title": "Single Portfolio",
    "type": "page",
    "metadata": {
        "template_type": "single-page",
        "include_in_zip": "1",
        "elementor_pro_required": "1",
        "wp_page_template": "elementor_header_footer"
    },
    "content": [
        {
            "id": "39461f1f",
            "settings": {
                "_ob_glider_nav_pos_y_alt": "50% - 25px",
                "_ob_glider_nav_pos_x_prev_alt": "0%",
                "_ob_glider_nav_pos_x_next_alt": "0%",
                "structure": "20",
                "border_border": "solid",
                "border_width": {
                    "unit": "px",
                    "top": "1",
                    "right": "0",
                    "bottom": "0",
                    "left": "0",
                    "isLinked": false
                },
                "padding": {
                    "unit": "em",
                    "top": "3",
                    "right": "0",
                    "bottom": "5",
                    "left": "0",
                    "isLinked": false
                },
                "__globals__": {
                    "border_color": "globals\/colors?id=308e809"
                },
                "padding_mobile": {
                    "unit": "em",
                    "top": "0",
                    "right": "0",
                    "bottom": "0",
                    "left": "0",
                    "isLinked": false
                }
            },
            "elements": [
                {
                    "id": "332417cb",
                    "settings": {
                        "_column_size": 50,
                        "_inline_size": 65,
                        "padding": {
                            "unit": "em",
                            "top": "2",
                            "right": "2",
                            "bottom": "2",
                            "left": "2",
                            "isLinked": true
                        },
                        "_inline_size_tablet": 100
                    },
                    "elements": [
                        {
                            "id": "4ffd6d34",
                            "settings": {
                                "image": {
                                    "url": "https:\/\/demo.moxcreative.com\/craftmaya\/wp-content\/uploads\/sites\/63\/2021\/09\/website-development.jpg",
                                    "id": 468,
                                    "alt": "Website development",
                                    "source": "library"
                                },
                                "image_size": "full",
                                "width": {
                                    "unit": "%",
                                    "size": 100,
                                    "sizes": []
                                },
                                "height": {
                                    "unit": "px",
                                    "size": 475,
                                    "sizes": []
                                },
                                "object-fit": "cover",
                                "image_border_radius": {
                                    "unit": "px",
                                    "top": "3",
                                    "right": "3",
                                    "bottom": "3",
                                    "left": "3",
                                    "isLinked": true
                                },
                                "height_tablet": {
                                    "unit": "px",
                                    "size": 375,
                                    "sizes": []
                                },
                                "height_mobile": {
                                    "unit": "px",
                                    "size": 200,
                                    "sizes": []
                                }
                            },
                            "elements": [],
                            "isInner": false,
                            "widgetType": "image",
                            "elType": "widget"
                        },
                        {
                            "id": "1c14dd8e",
                            "settings": {
                                "editor": "<p>Enim fusce eros rhoncus. Et dapibus aliquam fermentum augue dis faucibus metus. Lacus enim primis nibh consectetuer. Porttitor duis nisi elit maximus quis.<\/p><p>Nostra bibendum vivamus nibh curae justo dis. Suscipit proin in netus libero. Est per porta eget magnis sed primis ornare. Cursus ex sagittis faucibus cras purus ornare ipsum. Sed phasellus rutrum risus. Per sagittis leo scelerisque arcu litora odio interdum.<\/p>"
                            },
                            "elements": [],
                            "isInner": false,
                            "widgetType": "text-editor",
                            "elType": "widget"
                        }
                    ],
                    "isInner": false,
                    "elType": "column"
                },
                {
                    "id": "6408e966",
                    "settings": {
                        "_column_size": 50,
                        "_inline_size": 35,
                        "padding": {
                            "unit": "em",
                            "top": "2",
                            "right": "2",
                            "bottom": "2",
                            "left": "2",
                            "isLinked": true
                        },
                        "_inline_size_tablet": 100,
                        "padding_mobile": {
                            "unit": "em",
                            "top": "1",
                            "right": "1",
                            "bottom": "1",
                            "left": "1",
                            "isLinked": true
                        },
                        "animation": "bounceInDown"
                    },
                    "elements": [
                        {
                            "id": "2f8a9e68",
                            "settings": {
                                "_ob_bbad_inner_width": "100%",
                                "_ob_glider_nav_pos_y_alt": "50% - 25px",
                                "_ob_glider_nav_pos_x_prev_alt": "0%",
                                "_ob_glider_nav_pos_x_next_alt": "0%",
                                "margin": {
                                    "unit": "em",
                                    "top": "0",
                                    "right": 0,
                                    "bottom": "1",
                                    "left": 0,
                                    "isLinked": false
                                },
                                "padding": {
                                    "unit": "em",
                                    "top": "",
                                    "right": "",
                                    "bottom": "",
                                    "left": "",
                                    "isLinked": true
                                }
                            },
                            "elements": [
                                {
                                    "id": "78e212bb",
                                    "settings": {
                                        "_column_size": 100,
                                        "_inline_size": null,
                                        "border_border": "solid",
                                        "border_width": {
                                            "unit": "px",
                                            "top": "1",
                                            "right": "1",
                                            "bottom": "1",
                                            "left": "1",
                                            "isLinked": true
                                        },
                                        "border_radius": {
                                            "unit": "px",
                                            "top": "3",
                                            "right": "3",
                                            "bottom": "3",
                                            "left": "3",
                                            "isLinked": true
                                        },
                                        "padding": {
                                            "unit": "em",
                                            "top": "3",
                                            "right": "3",
                                            "bottom": "3",
                                            "left": "3",
                                            "isLinked": true
                                        },
                                        "__globals__": {
                                            "border_color": "globals\/colors?id=a185853"
                                        },
                                        "padding_mobile": {
                                            "unit": "em",
                                            "top": "2",
                                            "right": "2",
                                            "bottom": "2",
                                            "left": "2",
                                            "isLinked": true
                                        }
                                    },
                                    "elements": [
                                        {
                                            "id": "615c7c0a",
                                            "settings": {
                                                "title": "Lokamedia Project",
                                                "header_size": "h3"
                                            },
                                            "elements": [],
                                            "isInner": false,
                                            "widgetType": "heading",
                                            "elType": "widget"
                                        },
                                        {
                                            "id": "5aed13ee",
                                            "settings": {
                                                "title": "Project Info",
                                                "header_size": "h5"
                                            },
                                            "elements": [],
                                            "isInner": false,
                                            "widgetType": "heading",
                                            "elType": "widget"
                                        },
                                        {
                                            "id": "214ac2c1",
                                            "settings": {
                                                "price_list": [
                                                    {
                                                        "title": "Release Project",
                                                        "price": "7 August 2021",
                                                        "link": {
                                                            "url": "#"
                                                        },
                                                        "_id": "aaf52d8",
                                                        "__dynamic__": []
                                                    },
                                                    {
                                                        "title": "Categories",
                                                        "price": "Website Dev",
                                                        "link": {
                                                            "url": "#"
                                                        },
                                                        "_id": "6da567f"
                                                    },
                                                    {
                                                        "title": "Client",
                                                        "price": "Loka Digital Co.",
                                                        "link": {
                                                            "url": "#"
                                                        },
                                                        "_id": "e068c24"
                                                    },
                                                    {
                                                        "title": "Project Leader",
                                                        "price": "Bernard Pierce",
                                                        "link": {
                                                            "url": "#"
                                                        },
                                                        "_id": "758836f"
                                                    }
                                                ],
                                                "separator_style": "solid",
                                                "separator_weight": {
                                                    "unit": "px",
                                                    "size": 1,
                                                    "sizes": []
                                                },
                                                "row_gap": {
                                                    "unit": "px",
                                                    "size": 6,
                                                    "sizes": []
                                                },
                                                "__globals__": {
                                                    "separator_color": "globals\/colors?id=308e809",
                                                    "heading_typography_typography": "globals\/typography?id=69c152f",
                                                    "heading_color": "globals\/colors?id=secondary"
                                                }
                                            },
                                            "elements": [],
                                            "isInner": false,
                                            "widgetType": "price-list",
                                            "elType": "widget"
                                        }
                                    ],
                                    "isInner": true,
                                    "elType": "column"
                                }
                            ],
                            "isInner": true,
                            "elType": "section"
                        },
                        {
                            "id": "6b6fe5b2",
                            "settings": {
                                "text": "Visit Website",
                                "align": "justify",
                                "size": "md",
                                "icon_align": "right"
                            },
                            "elements": [],
                            "isInner": false,
                            "widgetType": "button",
                            "elType": "widget"
                        }
                    ],
                    "isInner": false,
                    "elType": "column"
                }
            ],
            "isInner": false,
            "elType": "section"
        },
        {
            "id": "35c3a3aa",
            "settings": {
                "_ob_glider_nav_pos_y_alt": "50% - 25px",
                "_ob_glider_nav_pos_x_prev_alt": "0%",
                "_ob_glider_nav_pos_x_next_alt": "0%",
                "background_background": "classic",
                "padding": {
                    "unit": "em",
                    "top": "5",
                    "right": "0",
                    "bottom": "5",
                    "left": "0",
                    "isLinked": false
                },
                "padding_mobile": {
                    "unit": "em",
                    "top": "2",
                    "right": "2",
                    "bottom": "2",
                    "left": "2",
                    "isLinked": true
                },
                "animation": "fadeInUp",
                "__globals__": {
                    "background_color": "globals\/colors?id=308e809"
                }
            },
            "elements": [
                {
                    "id": "71478e04",
                    "settings": {
                        "_column_size": 100,
                        "_inline_size": null
                    },
                    "elements": [
                        {
                            "id": "6587d36d",
                            "settings": {
                                "title": "Smart Step Flow Process",
                                "align": "center"
                            },
                            "elements": [],
                            "isInner": false,
                            "widgetType": "heading",
                            "elType": "widget"
                        },
                        {
                            "id": "4620b41f",
                            "settings": {
                                "editor": "<p>Lorem ipsum dolor sit amet, consectetur adipiscing elit.\u00a0<\/p>",
                                "align": "center"
                            },
                            "elements": [],
                            "isInner": false,
                            "widgetType": "text-editor",
                            "elType": "widget"
                        },
                        {
                            "id": "77279276",
                            "settings": {
                                "_ob_bbad_inner_width": "100%",
                                "_ob_glider_nav_pos_y_alt": "50% - 25px",
                                "_ob_glider_nav_pos_x_prev_alt": "0%",
                                "_ob_glider_nav_pos_x_next_alt": "0%",
                                "structure": "30"
                            },
                            "elements": [
                                {
                                    "id": "7e3d2100",
                                    "settings": {
                                        "_column_size": 33,
                                        "_inline_size": null,
                                        "align": "center",
                                        "animation": "bounceInDown"
                                    },
                                    "elements": [
                                        {
                                            "id": "6c27a72f",
                                            "settings": {
                                                "selected_icon": {
                                                    "value": "icon icon-presentation",
                                                    "library": "ekiticons"
                                                },
                                                "view": "framed",
                                                "title_text": "Brief",
                                                "description_text": "Senectus placerat congue cursus himenaeos sit ac. Quisque sed scelerisque odio neque habitasse laoreet nulla cubilia.",
                                                "title_size": "h4",
                                                "icon_size": {
                                                    "unit": "px",
                                                    "size": 50,
                                                    "sizes": []
                                                },
                                                "icon_padding": {
                                                    "unit": "px",
                                                    "size": 40,
                                                    "sizes": []
                                                },
                                                "border_width": {
                                                    "unit": "px",
                                                    "top": "1",
                                                    "right": "1",
                                                    "bottom": "1",
                                                    "left": "1",
                                                    "isLinked": true
                                                },
                                                "_padding": {
                                                    "unit": "em",
                                                    "top": "1",
                                                    "right": "2",
                                                    "bottom": "1",
                                                    "left": "2",
                                                    "isLinked": false
                                                },
                                                "__globals__": {
                                                    "primary_color": "globals\/colors?id=49d5f06",
                                                    "secondary_color": "globals\/colors?id=a291686",
                                                    "description_color": "globals\/colors?id=secondary"
                                                }
                                            },
                                            "elements": [],
                                            "isInner": false,
                                            "widgetType": "icon-box",
                                            "elType": "widget"
                                        },
                                        {
                                            "id": "6757950f",
                                            "settings": {
                                                "text": "Step 01",
                                                "link": {
                                                    "url": "",
                                                    "is_external": "",
                                                    "nofollow": "",
                                                    "custom_attributes": ""
                                                },
                                                "size": "xs",
                                                "text_padding": {
                                                    "unit": "px",
                                                    "top": "3",
                                                    "right": "15",
                                                    "bottom": "3",
                                                    "left": "15",
                                                    "isLinked": false
                                                },
                                                "_element_width": "auto",
                                                "_position": "absolute",
                                                "_offset_x": {
                                                    "unit": "%",
                                                    "size": "",
                                                    "sizes": []
                                                },
                                                "__globals__": {
                                                    "typography_typography": "globals\/typography?id=69c152f",
                                                    "button_text_color": "globals\/colors?id=a291686",
                                                    "background_color": "globals\/colors?id=a185853"
                                                }
                                            },
                                            "elements": [],
                                            "isInner": false,
                                            "widgetType": "button",
                                            "elType": "widget"
                                        }
                                    ],
                                    "isInner": true,
                                    "elType": "column"
                                },
                                {
                                    "id": "39f2cb3b",
                                    "settings": {
                                        "_column_size": 33,
                                        "_inline_size": null,
                                        "align": "center",
                                        "animation": "bounceInDown",
                                        "animation_delay": 240
                                    },
                                    "elements": [
                                        {
                                            "id": "7a9e7554",
                                            "settings": {
                                                "selected_icon": {
                                                    "value": "icon icon-pen_shape",
                                                    "library": "ekiticons"
                                                },
                                                "view": "framed",
                                                "title_text": "Design",
                                                "description_text": "Senectus placerat congue cursus himenaeos sit ac. Quisque sed scelerisque odio neque habitasse laoreet nulla cubilia.",
                                                "title_size": "h4",
                                                "icon_size": {
                                                    "unit": "px",
                                                    "size": 50,
                                                    "sizes": []
                                                },
                                                "icon_padding": {
                                                    "unit": "px",
                                                    "size": 40,
                                                    "sizes": []
                                                },
                                                "border_width": {
                                                    "unit": "px",
                                                    "top": "1",
                                                    "right": "1",
                                                    "bottom": "1",
                                                    "left": "1",
                                                    "isLinked": true
                                                },
                                                "_padding": {
                                                    "unit": "em",
                                                    "top": "1",
                                                    "right": "2",
                                                    "bottom": "1",
                                                    "left": "2",
                                                    "isLinked": false
                                                },
                                                "__globals__": {
                                                    "primary_color": "globals\/colors?id=49d5f06",
                                                    "secondary_color": "globals\/colors?id=a291686",
                                                    "description_color": "globals\/colors?id=secondary"
                                                }
                                            },
                                            "elements": [],
                                            "isInner": false,
                                            "widgetType": "icon-box",
                                            "elType": "widget"
                                        },
                                        {
                                            "id": "640408",
                                            "settings": {
                                                "text": "Step 02",
                                                "link": {
                                                    "url": "",
                                                    "is_external": "",
                                                    "nofollow": "",
                                                    "custom_attributes": ""
                                                },
                                                "size": "xs",
                                                "text_padding": {
                                                    "unit": "px",
                                                    "top": "3",
                                                    "right": "15",
                                                    "bottom": "3",
                                                    "left": "15",
                                                    "isLinked": false
                                                },
                                                "_element_width": "auto",
                                                "_position": "absolute",
                                                "_offset_x": {
                                                    "unit": "%",
                                                    "size": "",
                                                    "sizes": []
                                                },
                                                "__globals__": {
                                                    "typography_typography": "globals\/typography?id=69c152f",
                                                    "button_text_color": "globals\/colors?id=a291686",
                                                    "background_color": "globals\/colors?id=a185853"
                                                }
                                            },
                                            "elements": [],
                                            "isInner": false,
                                            "widgetType": "button",
                                            "elType": "widget"
                                        }
                                    ],
                                    "isInner": true,
                                    "elType": "column"
                                },
                                {
                                    "id": "60fc5ef3",
                                    "settings": {
                                        "_column_size": 33,
                                        "_inline_size": null,
                                        "align": "center",
                                        "animation": "bounceInDown",
                                        "animation_delay": 480
                                    },
                                    "elements": [
                                        {
                                            "id": "4c898dff",
                                            "settings": {
                                                "selected_icon": {
                                                    "value": "icon icon-rocket",
                                                    "library": "ekiticons"
                                                },
                                                "view": "framed",
                                                "title_text": "Launch Project",
                                                "description_text": "Senectus placerat congue cursus himenaeos sit ac. Quisque sed scelerisque odio neque habitasse laoreet nulla cubilia.",
                                                "title_size": "h4",
                                                "icon_size": {
                                                    "unit": "px",
                                                    "size": 50,
                                                    "sizes": []
                                                },
                                                "icon_padding": {
                                                    "unit": "px",
                                                    "size": 40,
                                                    "sizes": []
                                                },
                                                "border_width": {
                                                    "unit": "px",
                                                    "top": "1",
                                                    "right": "1",
                                                    "bottom": "1",
                                                    "left": "1",
                                                    "isLinked": true
                                                },
                                                "_padding": {
                                                    "unit": "em",
                                                    "top": "1",
                                                    "right": "2",
                                                    "bottom": "1",
                                                    "left": "2",
                                                    "isLinked": false
                                                },
                                                "__globals__": {
                                                    "primary_color": "globals\/colors?id=49d5f06",
                                                    "secondary_color": "globals\/colors?id=a291686",
                                                    "description_color": "globals\/colors?id=secondary"
                                                }
                                            },
                                            "elements": [],
                                            "isInner": false,
                                            "widgetType": "icon-box",
                                            "elType": "widget"
                                        },
                                        {
                                            "id": "128a8dbd",
                                            "settings": {
                                                "text": "Finish",
                                                "link": {
                                                    "url": "",
                                                    "is_external": "",
                                                    "nofollow": "",
                                                    "custom_attributes": ""
                                                },
                                                "size": "xs",
                                                "text_padding": {
                                                    "unit": "px",
                                                    "top": "3",
                                                    "right": "15",
                                                    "bottom": "3",
                                                    "left": "15",
                                                    "isLinked": false
                                                },
                                                "_element_width": "auto",
                                                "_position": "absolute",
                                                "_offset_x": {
                                                    "unit": "%",
                                                    "size": "",
                                                    "sizes": []
                                                },
                                                "__globals__": {
                                                    "typography_typography": "globals\/typography?id=69c152f",
                                                    "button_text_color": "globals\/colors?id=a291686",
                                                    "background_color": "globals\/colors?id=a185853"
                                                }
                                            },
                                            "elements": [],
                                            "isInner": false,
                                            "widgetType": "button",
                                            "elType": "widget"
                                        }
                                    ],
                                    "isInner": true,
                                    "elType": "column"
                                }
                            ],
                            "isInner": true,
                            "elType": "section"
                        }
                    ],
                    "isInner": false,
                    "elType": "column"
                }
            ],
            "isInner": false,
            "elType": "section"
        },
        {
            "id": "4752822c",
            "settings": {
                "_ob_glider_nav_pos_y_alt": "50% - 25px",
                "_ob_glider_nav_pos_x_prev_alt": "0%",
                "_ob_glider_nav_pos_x_next_alt": "0%",
                "padding": {
                    "unit": "em",
                    "top": "5",
                    "right": "0",
                    "bottom": "5",
                    "left": "0",
                    "isLinked": false
                },
                "padding_mobile": {
                    "unit": "em",
                    "top": "2",
                    "right": "0",
                    "bottom": "2",
                    "left": "0",
                    "isLinked": false
                },
                "animation": "fadeInUp"
            },
            "elements": [
                {
                    "id": "704069d2",
                    "settings": {
                        "_column_size": 100,
                        "_inline_size": null
                    },
                    "elements": [
                        {
                            "id": "2fbbaab2",
                            "settings": {
                                "title": "Gallery project",
                                "align": "center"
                            },
                            "elements": [],
                            "isInner": false,
                            "widgetType": "heading",
                            "elType": "widget"
                        },
                        {
                            "id": "2794933f",
                            "settings": {
                                "gallery": [
                                    {
                                        "id": 468,
                                        "url": "https:\/\/demo.moxcreative.com\/craftmaya\/wp-content\/uploads\/sites\/63\/2021\/09\/website-development.jpg"
                                    },
                                    {
                                        "id": 469,
                                        "url": "https:\/\/demo.moxcreative.com\/craftmaya\/wp-content\/uploads\/sites\/63\/2021\/09\/programming-website-design.jpg"
                                    },
                                    {
                                        "id": 470,
                                        "url": "https:\/\/demo.moxcreative.com\/craftmaya\/wp-content\/uploads\/sites\/63\/2021\/09\/contemporary-website-developer-man-typing-and-writing-code-for-program-website.jpg"
                                    },
                                    {
                                        "id": 474,
                                        "url": "https:\/\/demo.moxcreative.com\/craftmaya\/wp-content\/uploads\/sites\/63\/2021\/09\/woman-in-beige-formal-suit-reads-news-on-website-attentively-sits-at-desktop-alone-in-cabinet.jpg"
                                    },
                                    {
                                        "id": 480,
                                        "url": "https:\/\/demo.moxcreative.com\/craftmaya\/wp-content\/uploads\/sites\/63\/2021\/09\/website-designer-.jpg"
                                    },
                                    {
                                        "id": 475,
                                        "url": "https:\/\/demo.moxcreative.com\/craftmaya\/wp-content\/uploads\/sites\/63\/2021\/09\/mobile-and-website-design-and-programing-development-technology-.jpg"
                                    },
                                    {
                                        "id": 477,
                                        "url": "https:\/\/demo.moxcreative.com\/craftmaya\/wp-content\/uploads\/sites\/63\/2021\/09\/website-designer.jpg"
                                    },
                                    {
                                        "id": 485,
                                        "url": "https:\/\/demo.moxcreative.com\/craftmaya\/wp-content\/uploads\/sites\/63\/2021\/09\/networking.jpg"
                                    },
                                    {
                                        "id": 472,
                                        "url": "https:\/\/demo.moxcreative.com\/craftmaya\/wp-content\/uploads\/sites\/63\/2021\/09\/surfing-on-websites.jpg"
                                    }
                                ],
                                "galleries": [
                                    {
                                        "gallery_title": "New Gallery",
                                        "_id": "c53f182"
                                    }
                                ],
                                "columns": 3,
                                "columns_tablet": 3,
                                "columns_mobile": 2,
                                "gap_tablet": {
                                    "unit": "px",
                                    "size": 5,
                                    "sizes": []
                                },
                                "gap_mobile": {
                                    "unit": "px",
                                    "size": 5,
                                    "sizes": []
                                },
                                "show_all_galleries_label": "All",
                                "overlay_title": "title",
                                "_animation": "fadeInLeft"
                            },
                            "elements": [],
                            "isInner": false,
                            "widgetType": "gallery",
                            "elType": "widget"
                        }
                    ],
                    "isInner": false,
                    "elType": "column"
                }
            ],
            "isInner": false,
            "elType": "section"
        },
        {
            "id": "364a740f",
            "settings": {
                "content_width": {
                    "unit": "px",
                    "size": 840,
                    "sizes": []
                },
                "_ob_glider_nav_pos_y_alt": "50% - 25px",
                "_ob_glider_nav_pos_x_prev_alt": "0%",
                "_ob_glider_nav_pos_x_next_alt": "0%",
                "background_background": "classic",
                "background_overlay_background": "classic",
                "background_overlay_image": {
                    "url": "https:\/\/demo.moxcreative.com\/craftmaya\/wp-content\/uploads\/sites\/63\/2021\/09\/woman-use-of-mobile-phone-online-at-night.jpg",
                    "id": 76,
                    "alt": "Woman use of mobile phone online at night",
                    "source": "library"
                },
                "background_overlay_position": "center center",
                "background_overlay_repeat": "no-repeat",
                "background_overlay_size": "cover",
                "padding": {
                    "unit": "em",
                    "top": "5",
                    "right": "0",
                    "bottom": "5",
                    "left": "0",
                    "isLinked": false
                },
                "__globals__": {
                    "background_color": "globals\/colors?id=a185853"
                },
                "animation": "fadeInUp"
            },
            "elements": [
                {
                    "id": "74748d1f",
                    "settings": {
                        "_column_size": 100,
                        "_inline_size": null,
                        "padding": {
                            "unit": "em",
                            "top": "3",
                            "right": "3",
                            "bottom": "3",
                            "left": "3",
                            "isLinked": true
                        }
                    },
                    "elements": [
                        {
                            "id": "4a24bad1",
                            "settings": {
                                "title": "Enhancing experience with enhanced technology",
                                "align": "center",
                                "__globals__": {
                                    "title_color": "globals\/colors?id=a291686"
                                }
                            },
                            "elements": [],
                            "isInner": false,
                            "widgetType": "heading",
                            "elType": "widget"
                        },
                        {
                            "id": "32d21084",
                            "settings": {
                                "align": "center",
                                "__globals__": {
                                    "text_color": "globals\/colors?id=a291686"
                                }
                            },
                            "elements": [],
                            "isInner": false,
                            "widgetType": "text-editor",
                            "elType": "widget"
                        },
                        {
                            "id": "e8ced1e",
                            "settings": {
                                "text": "Contact Us",
                                "align": "center",
                                "size": "lg"
                            },
                            "elements": [],
                            "isInner": false,
                            "widgetType": "button",
                            "elType": "widget"
                        }
                    ],
                    "isInner": false,
                    "elType": "column"
                }
            ],
            "isInner": false,
            "elType": "section"
        },
        {
            "id": "32434351",
            "settings": {
                "_ob_glider_nav_pos_y_alt": "50% - 25px",
                "_ob_glider_nav_pos_x_prev_alt": "0%",
                "_ob_glider_nav_pos_x_next_alt": "0%",
                "structure": "20",
                "padding": {
                    "unit": "em",
                    "top": "5",
                    "right": "0",
                    "bottom": "5",
                    "left": "0",
                    "isLinked": false
                },
                "padding_mobile": {
                    "unit": "em",
                    "top": "0",
                    "right": "0",
                    "bottom": "0",
                    "left": "0",
                    "isLinked": false
                }
            },
            "elements": [
                {
                    "id": "768331de",
                    "settings": {
                        "_column_size": 50,
                        "_inline_size": 35,
                        "padding": {
                            "unit": "em",
                            "top": "3",
                            "right": "3",
                            "bottom": "3",
                            "left": "3",
                            "isLinked": true
                        },
                        "_inline_size_tablet": 100,
                        "padding_mobile": {
                            "unit": "em",
                            "top": "2",
                            "right": "2",
                            "bottom": "2",
                            "left": "2",
                            "isLinked": true
                        },
                        "animation": "fadeInLeft"
                    },
                    "elements": [
                        {
                            "id": "767990fc",
                            "settings": {
                                "title": "Testimonial",
                                "header_size": "h6"
                            },
                            "elements": [],
                            "isInner": false,
                            "widgetType": "heading",
                            "elType": "widget"
                        },
                        {
                            "id": "5cd82e15",
                            "settings": {
                                "title": "What They Say"
                            },
                            "elements": [],
                            "isInner": false,
                            "widgetType": "heading",
                            "elType": "widget"
                        },
                        {
                            "id": "63415efe",
                            "settings": [],
                            "elements": [],
                            "isInner": false,
                            "widgetType": "text-editor",
                            "elType": "widget"
                        },
                        {
                            "id": "2ae35406",
                            "settings": {
                                "text": "More Testimonial",
                                "size": "md"
                            },
                            "elements": [],
                            "isInner": false,
                            "widgetType": "button",
                            "elType": "widget"
                        }
                    ],
                    "isInner": false,
                    "elType": "column"
                },
                {
                    "id": "5d4d3588",
                    "settings": {
                        "_column_size": 50,
                        "_inline_size": 65,
                        "padding": {
                            "unit": "em",
                            "top": "",
                            "right": "",
                            "bottom": "",
                            "left": "",
                            "isLinked": true
                        },
                        "_inline_size_tablet": 100,
                        "padding_tablet": {
                            "unit": "em",
                            "top": "2",
                            "right": "2",
                            "bottom": "2",
                            "left": "2",
                            "isLinked": true
                        },
                        "animation": "fadeInRight",
                        "padding_mobile": {
                            "unit": "em",
                            "top": "1",
                            "right": "1",
                            "bottom": "1",
                            "left": "1",
                            "isLinked": true
                        }
                    },
                    "elements": [
                        {
                            "id": "3955be2d",
                            "settings": {
                                "ekit_testimonial_style": "style5",
                                "ekit_testimonial_wartermarks": {
                                    "value": "icon icon-quote2",
                                    "library": "ekiticons"
                                },
                                "ekit_testimonial_data": [
                                    {
                                        "client_name": "Scott Roundtree",
                                        "_id": "3fdba59",
                                        "designation": "Businessman",
                                        "review": "Lacinia amet si dignissim augue malesuada lorem. Facilisis accumsan massa euismod facilisi placerat. Rutrum torquent fusce primis malesuada pretium quisque rhoncus libero nascetur. Habitant ad finibus ultrices viverra id.",
                                        "client_photo": {
                                            "url": "https:\/\/demo.moxcreative.com\/craftmaya\/wp-content\/uploads\/sites\/63\/2021\/09\/img_6.jpg",
                                            "id": 256,
                                            "alt": "",
                                            "source": "library"
                                        },
                                        "client_logo": {
                                            "url": "",
                                            "id": "",
                                            "alt": "",
                                            "source": "library"
                                        },
                                        "use_hover_logo": ""
                                    },
                                    {
                                        "client_name": "Scott Roundtree",
                                        "designation": "Businessman",
                                        "review": "Lacinia amet si dignissim augue malesuada lorem. Facilisis accumsan massa euismod facilisi placerat. Rutrum torquent fusce primis malesuada pretium quisque rhoncus libero nascetur. Habitant ad finibus ultrices viverra id.",
                                        "client_photo": {
                                            "url": "https:\/\/demo.moxcreative.com\/craftmaya\/wp-content\/uploads\/sites\/63\/2021\/09\/img_6.jpg",
                                            "id": 256,
                                            "alt": "",
                                            "source": "library"
                                        },
                                        "client_logo": {
                                            "url": "",
                                            "id": "",
                                            "alt": "",
                                            "source": "library"
                                        },
                                        "use_hover_logo": "",
                                        "_id": "cf6753f"
                                    },
                                    {
                                        "client_name": "Scott Roundtree",
                                        "designation": "Businessman",
                                        "review": "Lacinia amet si dignissim augue malesuada lorem. Facilisis accumsan massa euismod facilisi placerat. Rutrum torquent fusce primis malesuada pretium quisque rhoncus libero nascetur. Habitant ad finibus ultrices viverra id.",
                                        "client_photo": {
                                            "url": "https:\/\/demo.moxcreative.com\/craftmaya\/wp-content\/uploads\/sites\/63\/2021\/09\/img_6.jpg",
                                            "id": 256,
                                            "alt": "",
                                            "source": "library"
                                        },
                                        "client_logo": {
                                            "url": "",
                                            "id": "",
                                            "alt": "",
                                            "source": "library"
                                        },
                                        "use_hover_logo": "",
                                        "_id": "655030a"
                                    }
                                ],
                                "ekit_testimonial_slidetoshow": 2,
                                "ekit_testimonial_slidesToScroll": 2,
                                "ekit_testimonial_layout_border_radius": {
                                    "unit": "px",
                                    "top": "3",
                                    "right": "3",
                                    "bottom": "3",
                                    "left": "3",
                                    "isLinked": true
                                },
                                "ekit_testimonial_layout_border_border": "solid",
                                "ekit_testimonial_layout_border_width": {
                                    "unit": "px",
                                    "top": "1",
                                    "right": "1",
                                    "bottom": "1",
                                    "left": "1",
                                    "isLinked": true
                                },
                                "ekit_testimonial_layout_shadow_box_shadow_type": "yes",
                                "ekit_testimonial_layout_shadow_box_shadow": {
                                    "horizontal": 0,
                                    "vertical": 0,
                                    "blur": 10,
                                    "spread": 0,
                                    "color": "rgba(0, 0, 0, 0)"
                                },
                                "__globals__": {
                                    "ekit_testimonial_layout_border_color": "globals\/colors?id=a185853",
                                    "ekit_testimonial_description_typography_typography": "globals\/typography?id=b2ce6af",
                                    "ekit_testimonial_review_ratting_color": "globals\/colors?id=1d04cde",
                                    "ekit_testimonial_section_wathermark_color": "globals\/colors?id=308e809",
                                    "ekit_testimonial_client_name_typography_typography": "globals\/typography?id=7044a64",
                                    "ekit_testimonial_designation_typography_typography": "globals\/typography?id=69c152f",
                                    "ekit_testimonial_designation_normal_color": "globals\/colors?id=secondary",
                                    "ekit_testimonial_description_color": "globals\/colors?id=secondary"
                                },
                                "ekit_testimonial_slidetoshow_tablet": 2,
                                "ekit_testimonial_slidesToScroll_tablet": 2
                            },
                            "elements": [],
                            "isInner": false,
                            "widgetType": "elementskit-testimonial",
                            "elType": "widget"
                        }
                    ],
                    "isInner": false,
                    "elType": "column"
                }
            ],
            "isInner": false,
            "elType": "section"
        }
    ],
    "page_settings": {
        "eael_ext_toc_title": "Table of Contents",
        "template": "elementor_header_footer"
    }
}